{
  "global": {
    "0.0": {
      "n": 128238,
      "hit_rate": 0.5264118280072989,
      "signed_move_score": 10697.0
    },
    "0.25": {
      "n": 128238,
      "hit_rate": 0.5237994978087618,
      "signed_move_score": 9957.0
    },
    "0.5": {
      "n": 128238,
      "hit_rate": 0.5205945195651834,
      "signed_move_score": 9097.0
    },
    "0.75": {
      "n": 128238,
      "hit_rate": 0.5166877212682668,
      "signed_move_score": 7909.0
    },
    "1.0": {
      "n": 128238,
      "hit_rate": 0.5103713407882219,
      "signed_move_score": 5519.0
    }
  },
  "by_spread_bucket": {
    "2-2": {
      "0.0": {
        "n": 18338,
        "hit_rate": 0.5189224561020831,
        "signed_move_score": 830.5
      },
      "0.25": {
        "n": 18338,
        "hit_rate": 0.5178318246264587,
        "signed_move_score": 792.5
      },
      "0.5": {
        "n": 18338,
        "hit_rate": 0.5158686879703348,
        "signed_move_score": 731.5
      },
      "0.75": {
        "n": 18338,
        "hit_rate": 0.5149416512160541,
        "signed_move_score": 697.5
      },
      "1.0": {
        "n": 18338,
        "hit_rate": 0.5135238302977424,
        "signed_move_score": 642.5
      }
    },
    "3-4": {
      "0.0": {
        "n": 30209,
        "hit_rate": 0.5158727531530338,
        "signed_move_score": 1034.0
      },
      "0.25": {
        "n": 30209,
        "hit_rate": 0.5079281008970836,
        "signed_move_score": 458.0
      },
      "0.5": {
        "n": 30209,
        "hit_rate": 0.4996855241815353,
        "signed_move_score": -77.0
      },
      "0.75": {
        "n": 30209,
        "hit_rate": 0.4924029262802476,
        "signed_move_score": -563.0
      },
      "1.0": {
        "n": 30209,
        "hit_rate": 0.48336588433910427,
        "signed_move_score": -1157.0
      }
    },
    "5-8": {
      "0.0": {
        "n": 29070,
        "hit_rate": 0.508703130374957,
        "signed_move_score": 1543.0
      },
      "0.25": {
        "n": 29070,
        "hit_rate": 0.5076367389060887,
        "signed_move_score": 1469.0
      },
      "0.5": {
        "n": 29070,
        "hit_rate": 0.504781561747506,
        "signed_move_score": 1269.0
      },
      "0.75": {
        "n": 29070,
        "hit_rate": 0.4976608187134503,
        "signed_move_score": 767.0
      },
      "1.0": {
        "n": 29070,
        "hit_rate": 0.48386652906776745,
        "signed_move_score": -270.0
      }
    },
    "9-100": {
      "0.0": {
        "n": 43501,
        "hit_rate": 0.5400795384014161,
        "signed_move_score": 6732.0
      },
      "0.25": {
        "n": 43501,
        "hit_rate": 0.5400795384014161,
        "signed_move_score": 6732.0
      },
      "0.5": {
        "n": 43501,
        "hit_rate": 0.5400565504241281,
        "signed_move_score": 6720.0
      },
      "0.75": {
        "n": 43501,
        "hit_rate": 0.5398036826739615,
        "signed_move_score": 6611.0
      },
      "1.0": {
        "n": 43501,
        "hit_rate": 0.5383094641502494,
        "signed_move_score": 5969.0
      }
    }
  },
  "by_strike": {
    "4000": {
      "0.0": {
        "n": 21879,
        "hit_rate": 0.516614104849399,
        "signed_move_score": 2765.0
      },
      "0.25": {
        "n": 21879,
        "hit_rate": 0.516614104849399,
        "signed_move_score": 2765.0
      },
      "0.5": {
        "n": 21879,
        "hit_rate": 0.5165683989213401,
        "signed_move_score": 2753.0
      },
      "0.75": {
        "n": 21879,
        "hit_rate": 0.5160656337126925,
        "signed_move_score": 2644.0
      },
      "1.0": {
        "n": 21879,
        "hit_rate": 0.5132775721011015,
        "signed_move_score": 2032.0
      }
    },
    "4500": {
      "0.0": {
        "n": 22037,
        "hit_rate": 0.5719471797431592,
        "signed_move_score": 5656.0
      },
      "0.25": {
        "n": 22037,
        "hit_rate": 0.5719471797431592,
        "signed_move_score": 5656.0
      },
      "0.5": {
        "n": 22037,
        "hit_rate": 0.5719471797431592,
        "signed_move_score": 5656.0
      },
      "0.75": {
        "n": 22037,
        "hit_rate": 0.5719471797431592,
        "signed_move_score": 5656.0
      },
      "1.0": {
        "n": 22037,
        "hit_rate": 0.5716749103780007,
        "signed_move_score": 5609.0
      }
    },
    "5000": {
      "0.0": {
        "n": 21423,
        "hit_rate": 0.50837884516641,
        "signed_move_score": 373.0
      },
      "0.25": {
        "n": 21423,
        "hit_rate": 0.5055781169770807,
        "signed_move_score": 210.0
      },
      "0.5": {
        "n": 21423,
        "hit_rate": 0.5019371703309528,
        "signed_move_score": 0.0
      },
      "0.75": {
        "n": 21423,
        "hit_rate": 0.4937683797787425,
        "signed_move_score": -439.0
      },
      "1.0": {
        "n": 21423,
        "hit_rate": 0.47645054380805674,
        "signed_move_score": -1400.0
      }
    },
    "5100": {
      "0.0": {
        "n": 21017,
        "hit_rate": 0.5141552076890137,
        "signed_move_score": 681.5
      },
      "0.25": {
        "n": 21017,
        "hit_rate": 0.5061616786411001,
        "signed_move_score": 281.5
      },
      "0.5": {
        "n": 21017,
        "hit_rate": 0.495218156730266,
        "signed_move_score": -195.5
      },
      "0.75": {
        "n": 21017,
        "hit_rate": 0.4855117286006566,
        "signed_move_score": -646.5
      },
      "1.0": {
        "n": 21017,
        "hit_rate": 0.47428272350953987,
        "signed_move_score": -1179.5
      }
    },
    "5200": {
      "0.0": {
        "n": 17130,
        "hit_rate": 0.5115002918855809,
        "signed_move_score": 364.0
      },
      "0.25": {
        "n": 17130,
        "hit_rate": 0.5082895504962055,
        "signed_move_score": 253.0
      },
      "0.5": {
        "n": 17130,
        "hit_rate": 0.5054290718038529,
        "signed_move_score": 161.0
      },
      "0.75": {
        "n": 17130,
        "hit_rate": 0.5017513134851138,
        "signed_move_score": 30.0
      },
      "1.0": {
        "n": 17130,
        "hit_rate": 0.49643899591360185,
        "signed_move_score": -148.0
      }
    },
    "5300": {
      "0.0": {
        "n": 12697,
        "hit_rate": 0.5052374576671654,
        "signed_move_score": 144.0
      },
      "0.25": {
        "n": 12697,
        "hit_rate": 0.5040560762384815,
        "signed_move_score": 117.0
      },
      "0.5": {
        "n": 12697,
        "hit_rate": 0.5025596597621486,
        "signed_move_score": 83.0
      },
      "0.75": {
        "n": 12697,
        "hit_rate": 0.5017720721430259,
        "signed_move_score": 64.0
      },
      "1.0": {
        "n": 12697,
        "hit_rate": 0.500905725761991,
        "signed_move_score": 42.0
      }
    },
    "5400": {
      "0.0": {
        "n": 8409,
        "hit_rate": 0.5087406350338922,
        "signed_move_score": 74.0
      },
      "0.25": {
        "n": 8409,
        "hit_rate": 0.5081460340111785,
        "signed_move_score": 69.0
      },
      "0.5": {
        "n": 8409,
        "hit_rate": 0.5076703531930075,
        "signed_move_score": 65.0
      },
      "0.75": {
        "n": 8409,
        "hit_rate": 0.5067189915566654,
        "signed_move_score": 57.0
      },
      "1.0": {
        "n": 8409,
        "hit_rate": 0.5061243905339518,
        "signed_move_score": 52.0
      }
    },
    "5500": {
      "0.0": {
        "n": 3646,
        "hit_rate": 0.6711464618760286,
        "signed_move_score": 639.5
      },
      "0.25": {
        "n": 3646,
        "hit_rate": 0.6623697202413604,
        "signed_move_score": 605.5
      },
      "0.5": {
        "n": 3646,
        "hit_rate": 0.654141524958859,
        "signed_move_score": 574.5
      },
      "0.75": {
        "n": 3646,
        "hit_rate": 0.6459133296763576,
        "signed_move_score": 543.5
      },
      "1.0": {
        "n": 3646,
        "hit_rate": 0.6379594075699396,