{
  "n": 7500,
  "mean_abs_edge_over_vega_mid": 0.026740740017793186,
  "mean_abs_edge_over_vega_micro": 0.025817093885560354,
  "rho_mid_micro_edgeov": 0.9496438683147781
}