{
  "quantiles": {
    "q60": 1.0,
    "q80": 1.5,
    "q92": 2.0
  },
  "all": {
    "low": {
      "n": 138620,
      "hit_rate": 0.17447698744769874,
      "mean_pnl_proxy": 0.055399653729620545,
      "mean_spread": 5.6543211657769445
    },
    "med": {
      "n": 94380,
      "hit_rate": 0.2672388217842763,
      "mean_pnl_proxy": 0.04696969696969697,
      "mean_spread": 5.650837041746133
    },
    "high": {
      "n": 28250,
      "hit_rate": 0.2701946902654867,
      "mean_pnl_proxy": 0.029486725663716813,
      "mean_spread": 5.651893805309735
    },
    "xhigh": {
      "n": 38720,
      "hit_rate": 0.27027376033057854,
      "mean_pnl_proxy": -0.05807076446280992,
      "mean_spread": 5.655242768595041
    }
  },
  "core": {
    "low": {
      "n": 69310,
      "hit_rate": 0.1956139085269081,
      "mean_pnl_proxy": 0.023257827153368923,
      "mean_spread": 3.344813158274419
    },
    "med": {
      "n": 47190,
      "hit_rate": 0.3294977749523204,
      "mean_pnl_proxy": 0.017440135621953803,
      "mean_spread": 3.340368722186904
    },
    "high": {
      "n": 14125,
      "hit_rate": 0.34846017699115045,
      "mean_pnl_proxy": 0.010053097345132744,
      "mean_spread": 3.346053097345133
    },
    "xhigh": {
      "n": 19360,
      "hit_rate": 0.36792355371900826,
      "mean_pnl_proxy": -0.04857954545454545,
      "mean_spread": 3.341270661157025
    }
  },
  "wing": {
    "low": {
      "n": 69310,
      "hit_rate": 0.1533400663684894,
      "mean_pnl_proxy": 0.08754148030587217,
      "mean_spread": 7.9638291732794695
    },
    "med": {
      "n": 47190,
      "hit_rate": 0.20497986861623224,
      "mean_pnl_proxy": 0.07649925831744013,
      "mean_spread": 7.961305361305361
    },
    "high": {
      "n": 14125,
      "hit_rate": 0.191929203539823,
      "mean_pnl_proxy": 0.048920353982300886,
      "mean_spread": 7.957734513274336
    },
    "xhigh": {
      "n": 19360,
      "hit_rate": 0.17262396694214877,
      "mean_pnl_proxy": -0.06756198347107438,
      "mean_spread": 7.969214876033058
    }
  },
  "recommended_gate_multiplier": {
    "med": 1.086,
    "high": 1.35,
    "xhigh": 1.35
  }
}