burst_def,is_burst,K,n,mean_fwd_extract,median,frac_pos
ge4,True,20,1395,0.34516129032258064,0.0,0.47025089605734766
ge4,False,20,2884,0.09535367545076283,0.0,0.46775312066574204
ge8,True,20,20,-0.5,-0.5,0.5
ge8,False,20,4259,0.1799718243719183,0.0,0.4684198168584175
