bucket,n,mean_fwd5,mean_fwd20,frac_same_sign_5_20,frac_opp_sign_5_20
near_01_22_burst,106,-0.12264150943396226,-0.0660377358490566,0.4339622641509434,0.10377358490566038
control,58,-0.3103448275862069,-0.19827586206896552,0.46551724137931033,0.10344827586206896
