day,k_matched,burst_ts_sampled,n_burst_prints,mean_burst,n_ctrl_prints,mean_ctrl,welch_t_b_minus_c,n_isolated_prints,mean_isolated
1,84,False,386,-0.06865284974093264,91,-0.6978021978021978,1.1661403173495066,930,0.23333333333333334
2,87,False,402,0.43034825870646765,88,-0.2897727272727273,1.4399426724646487,856,0.029789719626168224
3,122,False,607,0.5518945634266886,127,-0.3700787401574803,2.084085905514199,885,-0.02655367231638418
