buyer,seller,holdout_day,train_days,n_tight,n_loose,mean_tight,mean_loose,delta_tight_minus_loose,welch_t,welch_p
Mark 14,Mark 38,1,"2,3",101,212,0.6732673267326733,-1.1132075471698113,1.7864748739024847,3.303900732319097,0.0011361561811484818
Mark 14,Mark 38,2,"1,3",93,261,0.9731182795698925,-0.45977011494252873,1.4328883945124211,2.651329984302286,0.008844867392558612
Mark 14,Mark 38,3,"1,2",58,267,1.956896551724138,-0.13857677902621723,2.0954733307503552,3.0089913806447512,0.0035278466121872183
Mark 38,Mark 14,1,"2,3",104,216,0.36538461538461536,-0.38425925925925924,0.7496438746438746,1.5467317331617907,0.12339523705963545
Mark 38,Mark 14,2,"1,3",102,244,0.5588235294117647,-0.6516393442622951,1.21046287367406,2.5203891080506318,0.012515248223555328
Mark 38,Mark 14,3,"1,2",52,296,0.8269230769230769,-0.36824324324324326,1.19516632016632,2.312689511817309,0.023195131132528662
