buyer,seller,side,day,n_tight,n_loose,mean_tight,mean_loose,delta,welch_t,welch_p
Mark 14,Mark 38,aggr_sell,1,25,158,2.72,0.25,2.47,2.4153394898375127,0.021984942150949344
Mark 14,Mark 38,aggr_sell,2,33,109,1.378787878787879,-0.7018348623853211,2.0806227411732,2.159711541724761,0.0356714540963352
Mark 14,Mark 38,aggr_sell,3,68,103,0.33088235294117646,-1.5485436893203883,1.8794260422615647,2.8208277187461666,0.005469625587968776
Mark 38,Mark 14,aggr_buy,1,25,162,1.24,-0.5709876543209876,1.8109876543209875,2.440362861889287,0.019586716953143336
Mark 38,Mark 14,aggr_buy,2,27,134,0.4444444444444444,-0.12313432835820895,0.5675787728026533,0.7820117727230793,0.4382368197280261
Mark 38,Mark 14,aggr_buy,3,77,82,0.33766233766233766,-0.8109756097560976,1.1486379474184352,1.716442184970829,0.08806127640279167
