day,gate,n,corr_signed_fwdEXTRACT20,mean_fwd_EXTRACT_20
1,tight,32,-0.02132318217956044,-1.671875
1,loose,0,,
2,tight,31,0.04156182612464336,1.0161290322580645
2,loose,0,,
3,tight,69,-0.12393419435423696,0.39855072463768115
3,loose,0,,
