buyer,seller,day,K,n_tight,n_loose,mean_tight,mean_loose,delta,welch_t,welch_p
Mark 14,Mark 38,all,5,126,370,0.5476190476190477,-0.2864864864864865,0.8341055341055341,3.6058231966324175,0.0003867275449293574
Mark 14,Mark 38,all,20,126,370,1.0793650793650793,-0.5310810810810811,1.6104461604461604,3.422042646766101,0.000748942952746163
Mark 14,Mark 38,all,100,126,368,3.1865079365079363,-1.5828804347826086,4.769388371290545,5.2729017083097816,2.8296040866941796e-07
Mark 38,Mark 14,all,5,129,378,0.05426356589147287,-0.1335978835978836,0.18786144948935646,0.8305572023827158,0.4071657313094565
Mark 38,Mark 14,all,20,129,378,0.5348837209302325,-0.4642857142857143,0.9991694352159468,2.478343755821408,0.013888453473990993
Mark 38,Mark 14,all,100,128,377,1.640625,-0.9151193633952255,2.5557443633952257,2.6148740372628674,0.009566125425681516
