day,corr_roll10_m22_net_vs_fwdEXTRACT20,n
1,-0.05478314159601826,440
2,-0.019462373910716337,467
3,0.04426025232643166,444
