holdout_day,n_burst,n_non,mean_burst,mean_non,welch_t_burst_minus_non
1,386,1020,-0.06865284974093264,0.24705882352941178,-1.1650225486276022
2,402,930,0.43034825870646765,0.010752688172043012,1.6633692229418944
3,607,934,0.5518945634266886,0.013918629550321198,2.2095958652052947
