buyer,seller,holdout,train_days,n_tight,n_loose,mean_tight,mean_loose,delta_tight_minus_loose,welch_t,welch_p
Mark 14,Mark 38,none (pooled 3d),"1,2,3",126,370,1.0793650793650793,-0.5310810810810811,1.6104461604461604,3.422042646766101,0.000748942952746163
Mark 38,Mark 14,none (pooled 3d),"1,2,3",129,378,0.5348837209302325,-0.4642857142857143,0.9991694352159468,2.478343755821408,0.013888453473990993
