{
  "product": "VEV_5100",
  "method": "Same COEFF/BS/synthetic mid as v25; ATM 0.97-1.03; EMA windows 20/100.",
  "by_csv_day": {
    "0": {
      "n": 7941,
      "p50": 0.2788008232798136,
      "p75": 0.30220090462571214,
      "p90": 0.3218299663119879,
      "p95": 0.3328586023050644
    },
    "1": {
      "n": 7261,
      "p50": 0.2839621204246589,
      "p75": 0.31162640981880574,
      "p90": 0.33529867092047044,
      "p95": 0.3491460990398647
    },
    "2": {
      "n": 5140,
      "p50": 0.2958107630644017,
      "p75": 0.32157527357033966,
      "p90": 0.344708450538098,
      "p95": 0.3584099156602191
    }
  }
}