{
  "all": {
    "n": 300000,
    "switch_q": {
      "0.5": 0.22207085685361447,
      "0.75": 0.3030613590945932,
      "0.9": 0.39152107449359475,
      "0.95": 0.4497049440508369
    },
    "p_sw_ge_0_7": 0.0,
    "p_sw_ge_0_5": 0.021036666666666665,
    "p_edge_open_sell_thr035": 0.00018,
    "p_edge_open_buy_thr035": 0.0019266666666666666,
    "mean_spread": 5.653143333333333
  },
  "atm": {
    "n": 100067,
    "switch_q": {
      "0.5": 0.23172343755939948,
      "0.75": 0.2709062995607041,
      "0.9": 0.30187982623688164,
      "0.95": 0.31931906285743283
    },
    "p_sw_ge_0_7": 0.0,
    "p_sw_ge_0_5": 0.0001898727852338933,
    "p_edge_open_sell_thr035": 0.0003097924390658259,
    "p_edge_open_buy_thr035": 0.0029780047368263263,
    "mean_spread": 2.6217334385961406
  },
  "non_atm": {
    "n": 199933,
    "switch_q": {
      "0.5": 0.17290722375272127,
      "0.75": 0.3363518441181281,
      "0.9": 0.42811304761981805,
      "0.95": 0.47564672784757256
    },
    "p_sw_ge_0_7": 0.0,
    "p_sw_ge_0_5": 0.031470542631781645,
    "p_edge_open_sell_thr035": 0.00011503853791019992,
    "p_edge_open_buy_thr035": 0.0014004691571676512,
    "mean_spread": 7.170372074645006
  }
}