{
  "method": "Per tick: du_extract, dmid per voucher, d(IV) from same smile poly, BS vega at tick; TTE from round3; shock = |du| >= 90p over non-zero |du|.",
  "q90_abs_du": 2.0,
  "contract": {
    "VEV_4000": {
      "n": 29997,
      "beta_all": 0.745054615800478,
      "beta_up": 0.7519435740786868,
      "beta_down": 0.738252427184466,
      "d_iv_regress": 0.0008456932642463277,
      "mean_d_spr_shock": -0.01084710743801653,
      "mean_d_spr_non": 0.0016842105263157896
    },
    "VEV_4500": {
      "n": 29997,
      "beta_all": 0.6617923883095481,
      "beta_up": 0.6651808539926846,
      "beta_down": 0.6584466019417475,
      "d_iv_regress": 0.00048052877856628775,
      "mean_d_spr_shock": -0.028409090909090908,
      "mean_d_spr_non": 0.004287081339712918
    },
    "VEV_5000": {
      "n": 29997,
      "beta_all": 0.6535202277123894,
      "beta_up": 0.6539585982668432,
      "beta_down": 0.6530873786407767,
      "d_iv_regress": 0.0001538780151794776,
      "mean_d_spr_shock": -0.012396694214876033,
      "mean_d_spr_non": 0.0019138755980861245
    },
    "VEV_5100": {
      "n": 29997,
      "beta_all": 0.5773316745588724,
      "beta_up": 0.577526646302293,
      "beta_down": 0.5771391585760518,
      "d_iv_regress": 9.248363719096112e-05,
      "mean_d_spr_shock": -0.00981404958677686,
      "mean_d_spr_non": 0.001492822966507177
    },
    "VEV_5200": {
      "n": 29997,
      "beta_all": 0.4366593498212041,
      "beta_up": 0.43608164977647257,
      "beta_down": 0.4372297734627832,
      "d_iv_regress": 3.2281458707586256e-05,
      "mean_d_spr_shock": 0.0074896694214876035,
      "mean_d_spr_non": -0.0011100478468899521
    },
    "VEV_5300": {
      "n": 29997,
      "beta_all": 0.2726881916535854,
      "beta_up": 0.27229702269360356,
      "beta_down": 0.27307443365695794,
      "d_iv_regress": -2.6773941595553405e-05,
      "mean_d_spr_shock": -0.0012913223140495868,
      "mean_d_spr_non": 0.00019138755980861245
    },
    "VEV_5400": {
      "n": 29997,
      "beta_all": 0.12886984048408423,
      "beta_up": 0.1282955543610787,
      "beta_down": 0.1294368932038835,
      "d_iv_regress": -8.472543774783978e-05,
      "mean_d_spr_shock": 0.0007747933884297521,
      "mean_d_spr_non": -0.00011483253588516746
    },
    "VEV_5500": {
      "n": 29997,
      "beta_all": 0.05486331394477844,
      "beta_up": 0.055219791024817444,
      "beta_down": 0.054511326860841425,
      "d_iv_regress": -0.0001416135434678458,
      "mean_d_spr_shock": 0.005681818181818182,
      "mean_d_spr_non": -0.0008038277511961722
    },
    "VEV_6000": {
      "n": 29997,
      "beta_all": 0.0,
      "beta_up": 0.0,
      "beta_down": 0.0,
      "d_iv_regress": -0.0004113762011346484,
      "mean_d_spr_shock": 0.0,
      "mean_d_spr_non": 0.0
    },
    "VEV_6500": {
      "n": 29997,
      "beta_all": 0.0,
      "beta_up": 0.0,
      "beta_down": 0.0,
      "d_iv_regress": -0.0006595337903592607,
      "mean_d_spr_shock": 0.0,
      "mean_d_spr_non": 0.0
    }
  }
}