{
  "n_samples": 60000,
  "quantiles": {
    "0.5": 0.23174513575119274,
    "0.6": 0.26110326633186265,
    "0.7": 0.29278690253747813,
    "0.75": 0.308572416297898,
    "0.8": 0.3254221715785118,
    "0.9": 0.3888783623461637,
    "0.95": 0.44378480667482223,
    "0.99": 0.5285210836455241
  },
  "frac_ge": {
    "0.55": 0.0056,
    "0.65": 0.00046666666666666666,
    "0.7": 0.0
  },
  "method": "subsample every 500 timestamps; EMAs reset per (day) block; same TTE and smile as traders"
}