{
  "method": "BS vega weights across strikes using TTE mapping day0/1/2->8/7/6 with intraday wind; IV from existing quadratic smile proxy.",
  "summary": {
    "n_points": 30000,
    "top_share_quantiles": {
      "0.5": 0.23506748402668465,
      "0.75": 0.24394908520690411,
      "0.9": 0.24865800692051773,
      "0.95": 0.25355708298570334,
      "0.99": 0.2588121885095477
    },
    "hhi_quantiles": {
      "0.5": 0.17673925574285526,
      "0.75": 0.18027061566444885,
      "0.9": 0.18217465046886627,
      "0.95": 0.18266899314933002,
      "0.99": 0.18410337306652563
    },
    "frac_top_share_ge_0_5": 0.0,
    "frac_top_share_ge_0_6": 0.0,
    "frac_hhi_ge_0_4": 0.0,
    "frac_hhi_ge_0_5": 0.0
  },
  "by_day": {
    "0": {
      "n": 10000,
      "top_share_q75": 0.2288526222493426,
      "hhi_q75": 0.17431256523365804,
      "top_strike_mode": 5200
    },
    "1": {
      "n": 10000,
      "top_share_q75": 0.23852995118050732,
      "hhi_q75": 0.17801168345918814,
      "top_strike_mode": 5300
    },
    "2": {
      "n": 10000,
      "top_share_q75": 0.24955755727296036,
      "hhi_q75": 0.18233444610885277,
      "top_strike_mode": 5300
    }
  }
}