{
  "wings": {
    "n": 120000,
    "edge_sell_rate_thr045": 9.166666666666667e-05,
    "edge_buy_rate_thr045": 0.00045,
    "mean_switch": 0.18802824948493674,
    "q75_switch": 0.380878947559304,
    "mean_vega": 9.142463363836464,
    "mean_spread": 9.666533333333334
  },
  "mid": {
    "n": 79933,
    "edge_sell_rate_thr045": 0.00011259429772434413,
    "edge_buy_rate_thr045": 0.0019641449714135587,
    "mean_switch": 0.2186979360986694,
    "q75_switch": 0.3053775534975197,
    "mean_vega": 121.13488357545219,
    "mean_spread": 3.422991755595311
  },
  "atm": {
    "n": 100067,
    "edge_sell_rate_thr045": 0.00027981252560784273,
    "edge_buy_rate_thr045": 0.0023284399452366913,
    "mean_switch": 0.22719081687672374,
    "q75_switch": 0.2709062995607041,
    "mean_vega": 237.81905641345665,
    "mean_spread": 2.6217334385961406
  }
}