pair,mean_res,count
Mark 67|Mark 22,-4.026408835973901e-16,75
Mark 67|Mark 49,-2.0957018891800707e-16,89
Mark 38|Mark 14,-1.197543936674326e-16,712
Mark 01|Mark 55,-1.1956247957501685e-16,260
Mark 55|Mark 01,-1.0874725528090673e-16,244
Mark 14|Mark 38,9.272192293572736e-17,728
Mark 55|Mark 14,-8.049955465560047e-17,331
Mark 14|Mark 55,-6.74565888379842e-17,316
Mark 01|Mark 22,-9.611585861293451e-18,1339
Mark 14|Mark 22,-4.163336342344337e-18,80
