buyer,mean,count
Mark 49,-2.7083333333333335,12
Mark 14,-0.18125,80
Mark 01,0.008588498879761016,1339
Mark 38,1.894736842105263,19
Mark 67,2.026666666666667,75
Mark 55,2.0357142857142856,14
