corr_s5200_s5200,corr_s5200_s5300,corr_s5200_s_ext,corr_s5200_s5000,corr_s5300_s5300,corr_s5300_s_ext,corr_s5300_s5000,corr_s_ext_s_ext,corr_s_ext_s5000,corr_s5000_s5000,n_rows
1.0,0.30759572531181095,0.008579133648986974,0.4825011388963385,0.9999999999999999,0.00538099178635405,0.32570628016480746,1.0,0.018119080490740173,1.0,30000
