dominant_buyer,mean_dm_ex_k20,n_bursts
Mark 01,0.2772727272727273,330
Mark 14,-0.016129032258064516,31
Mark 38,0.6470588235294118,17
Mark 22,2.2857142857142856,7
Mark 49,4.5,1
Mark 55,5.0,1
