n,mean,median,t,pos_frac,mean_ci95_lo,mean_ci95_hi,burst
1608,0.33426616915422885,0.0,2.928817100825939,0.47201492537313433,0.1349347014925373,0.5782027363184079,True
2671,0.08199176338450019,0.0,0.9996924851779613,0.466491950580307,-0.06831242980157244,0.25293429427180825,False
