slice,n,mean_k20
all,164,1.8140243902439024
tight_only,27,2.0555555555555554
loose_only,137,1.7664233576642336
