{
  "slice": "HYDROGEL_PACK buyer Mark14 seller Mark38 (all rows sell_agg in Phase1 agg)",
  "n": 496,
  "agg_counts": {
    "sell_agg": 496
  },
  "pooled_dm_ex_k5": {
    "n": 496,
    "mean": -0.07459677419354839,
    "t": -0.7336639002718635
  },
  "pooled_dm_ex_k20": {
    "n": 496,
    "mean": -0.1219758064516129,
    "t": -0.6038957127499368
  },
  "pooled_dm_ex_k100": {
    "n": 494,
    "mean": -0.36639676113360325,
    "t": -0.8285485379221821
  },
  "by_day": {
    "1": {
      "k5": {
        "n": 183,
        "mean": 0.11202185792349727,
        "t": 0.6753187078203962
      },
      "k20": {
        "n": 183,
        "mean": 0.587431693989071,
        "t": 1.8070571652246255
      },
      "k100": {
        "n": 183,
        "mean": 0.10655737704918032,
        "t": 0.13785130701874956
      }
    },
    "2": {
      "k5": {
        "n": 142,
        "mean": -0.11267605633802817,
        "t": -0.578830132003613
      },
      "k20": {
        "n": 142,
        "mean": -0.21830985915492956,
        "t": -0.5539436254943497
      },
      "k100": {
        "n": 140,
        "mean": 0.1392857142857143,
        "t": 0.180654264029438
      }
    },
    "3": {
      "k5": {
        "n": 171,
        "mean": -0.24269005847953215,
        "t": -1.4178709196372747
      },
      "k20": {
        "n": 171,
        "mean": -0.8011695906432749,
        "t": -2.4092066953077955
      },
      "k100": {
        "n": 171,
        "mean": -1.286549707602339,
        "t": -1.7376679734141294
      }
    }
  },
  "by_gate": [
    {
      "gate": "tight",
      "n": 126,
      "dm_ex_k5": 0.5476190476190477,
      "dm_ex_k5_n": 126,
      "dm_ex_k5_t": 2.7376296943975618,
      "dm_ex_k20": 1.0793650793650793,
      "dm_ex_k20_n": 126,
      "dm_ex_k20_t": 2.6221543230933793,
      "dm_ex_k100": 3.1865079365079363,
      "dm_ex_k100_n": 126,
      "dm_ex_k100_t": 4.316950252858673
    },
    {
      "gate": "loose",
      "n": 370,
      "dm_ex_k5": -0.2864864864864865,
      "dm_ex_k5_n": 370,
      "dm_ex_k5_t": -2.4660326983556105,
      "dm_ex_k20": -0.5310810810810811,
      "dm_ex_k20_n": 370,
      "dm_ex_k20_t": -2.328234301166769,
      "dm_ex_k100": -1.5828804347826086,
      "dm_ex_k100_n": 368,
      "dm_ex_k100_t": -3.027872657315589
    }
  ]
}