day,gate,n,mean_dm_ex_k20
1,tight,97,-0.18556701030927836
1,loose,1,4.0
2,tight,95,0.3263157894736842
2,loose,1,5.5
3,tight,123,0.5609756097560976
3,loose,1,2.0
