{
  "slice": "HYDROGEL_PACK buyer Mark38 seller Mark14",
  "n": 507,
  "pooled_dm_ex_k5": {
    "n": 507,
    "mean": -0.08579881656804733,
    "t": -0.8981692498493894
  },
  "pooled_dm_ex_k20": {
    "n": 507,
    "mean": -0.21005917159763313,
    "t": -1.1404845895226121
  },
  "pooled_dm_ex_k100": {
    "n": 505,
    "mean": -0.26732673267326734,
    "t": -0.6370772240742258
  },
  "by_day": {
    "1": {
      "k5": {
        "n": 187,
        "mean": -0.24331550802139038,
        "t": -1.5024741068043226
      },
      "k20": {
        "n": 187,
        "mean": -0.32887700534759357,
        "t": -1.0880938621516842
      },
      "k100": {
        "n": 187,
        "mean": -0.026737967914438502,
        "t": -0.036690713956507824
      }
    },
    "2": {
      "k5": {
        "n": 161,
        "mean": -0.11801242236024845,
        "t": -0.7030801051614812
      },
      "k20": {
        "n": 161,
        "mean": -0.027950310559006212,
        "t": -0.08677419969002997
      },
      "k100": {
        "n": 160,
        "mean": -0.009375,
        "t": -0.013068415024897468
      }
    },
    "3": {
      "k5": {
        "n": 159,
        "mean": 0.1320754716981132,
        "t": 0.7965191903880313
      },
      "k20": {
        "n": 159,
        "mean": -0.25471698113207547,
        "t": -0.7569846565747173
      },
      "k100": {
        "n": 158,
        "mean": -0.8132911392405063,
        "t": -1.115633463939493
      }
    }
  },
  "by_gate": [
    {
      "gate": "tight",
      "n": 129,
      "dm_ex_k5": 0.05426356589147287,
      "dm_ex_k5_n": 129,
      "dm_ex_k20": 0.5348837209302325,
      "dm_ex_k20_n": 129,
      "dm_ex_k100": 1.640625,
      "dm_ex_k100_n": 128
    },
    {
      "gate": "loose",
      "n": 378,
      "dm_ex_k5": -0.1335978835978836,
      "dm_ex_k5_n": 378,
      "dm_ex_k20": -0.4642857142857143,
      "dm_ex_k20_n": 378,
      "dm_ex_k100": -0.9151193633952255,
      "dm_ex_k100_n": 377
    }
  ]
}