burst,sonic_tight,n,mean_dm_ex_k20,t
True,True,1494,0.28078982597054886,2.358747625579393
True,False,114,1.0350877192982457,2.6336471011663063
False,True,664,0.5745481927710844,3.5003757935092525
False,False,2007,-0.0809666168410563,-0.8574572548491705
