n,mean,t,pos_frac,burst
1608,0.33426616915422885,2.928817100825939,0.47201492537313433,True
2671,0.08199176338450019,0.9996924851779613,0.466491950580307,False
