tight_n,tight_mean,loose_n,loose_mean,welch_t,welch_p,horizon_k_rows
7706,0.32351414482221647,22234,-0.12103085364756679,7.935123655204991,2.268068162568603e-15,20
