slice,n,mean_dm_ex_k20,t
all_m67_buy_ex,164,1.8140243902439024,5.86010068131766
near_burst,16,1.8125,
not_near_burst,148,1.8141891891891893,5.53278727958226
sonic_tight,27,2.0555555555555554,
sonic_loose,137,1.7664233576642336,5.224961675565793
