{
  "n_all": 12,
  "n_sell_agg": 11,
  "note": "Mark 22 seller + Mark 49 buyer on extract; sell_agg means trade price <= L1 bid (Mark 22 aggressive sell).",
  "pooled_sell_agg": {
    "k5": {
      "n": 11,
      "mean": -2.3636363636363638,
      "std": 2.9418608829354,
      "t": -2.6647402004950607
    },
    "k20": {
      "n": 11,
      "mean": -3.090909090909091,
      "std": 5.300085762599422,
      "t": -1.9341924215611523
    },
    "k100": {
      "n": 10,
      "mean": -4.35,
      "std": 4.378292411939207,
      "t": -3.1418431039967394
    }
  },
  "per_day_sell_agg_k20": {
    "1": {
      "n": 3,
      "mean": -4.166666666666667,
      "std": 5.346338310781813,
      "t": -1.3498731178900973
    },
    "2": {
      "n": 3,
      "mean": 2.3333333333333335,
      "std": 2.0207259421636903,
      "t": 2.0
    },
    "3": {
      "n": 5,
      "mean": -5.7,
      "std": 4.738143096192854,
      "t": -2.6899963156431497
    }
  }
}