slice,n,corr_joint_max_spread_abs_dm5,corr_joint_min_spread_abs_dm5
pooled_all,29985,0.00869310267776238,0.013529682682908465
sonic_tight_only,7718,0.004145296591834326,0.018106183176496603
sonic_loose_only,22267,0.009866875432126644,0.010139242033300366
day_1,9995,0.004825072823140839,0.014563091628916393
day_2,9995,0.007959294832238409,0.022505732679120892
day_3,9995,0.010348724748439838,0.0040798382409369385
