{
  "buy_agg_pooled": {
    "k5": {
      "n": 598,
      "mean": 0.19899665551839466,
      "std": 2.1661780397329515,
      "t": 2.2464782628170425
    },
    "k20": {
      "n": 598,
      "mean": 0.4088628762541806,
      "std": 4.033420481655192,
      "t": 2.4788758254472882
    },
    "k100": {
      "n": 595,
      "mean": 0.5310924369747899,
      "std": 9.22786502460436,
      "t": 1.4038715282649978
    }
  },
  "sell_agg_pooled": {
    "k5": {
      "n": 600,
      "mean": 0.051666666666666666,
      "std": 2.193250510519043,
      "t": 0.5770292515005375
    },
    "k20": {
      "n": 600,
      "mean": -0.10583333333333333,
      "std": 4.193768647012294,
      "t": -0.6181496555114884
    },
    "k100": {
      "n": 595,
      "mean": -0.9184873949579831,
      "std": 8.945382029909966,
      "t": -2.504567788249762
    }
  },
  "sell_agg_k100_by_day": {
    "1": {
      "n": 196,
      "mean": -0.4846938775510204,
      "std": 8.718666706359278,
      "t": -0.7782972459269348
    },
    "2": {
      "n": 191,
      "mean": -1.4031413612565444,
      "std": 8.121433019513129,
      "t": -2.3877312507835495
    },
    "3": {
      "n": 208,
      "mean": -0.8822115384615384,
      "std": 9.85274776718307,
      "t": -1.2913591265671729
    }
  },
  "n_buy_agg": 598,
  "n_sell_agg": 600
}