n_rows,corr_s5200_s5300,corr_s5200_s_ext,corr_s5200_s5000,corr_s5300_s_ext,corr_s5300_s5000,corr_s_ext_s5000,corr_s_ext__d1_m_ext,corr_s5000__d1_mid5000,corr_s5200__d1_mid5200,corr_s5300__d1_mid5300,label
30000,0.30759572531181095,0.008579133648986974,0.4825011388963385,0.00538099178635405,0.32570628016480746,0.018119080490740173,0.10778263478865237,0.06777862655074962,0.03799518799474621,0.025117235212682318,pooled_all_rows
7722,0.17170831867680342,-0.013629731073541663,0.6534564370150434,0.011876135931926672,0.2481397968650212,0.010393265105982584,0.08999175535203088,0.14508200048121667,0.24585348428801898,0.05075913026030055,pooled_sonic_tight
