gate,n,dm_ex_k5,dm_ex_k5_n,dm_ex_k5_t,dm_ex_k20,dm_ex_k20_n,dm_ex_k20_t,dm_ex_k100,dm_ex_k100_n,dm_ex_k100_t
tight,126,0.5476190476190477,126,2.7376296943975618,1.0793650793650793,126,2.6221543230933793,3.1865079365079363,126,4.316950252858673
loose,370,-0.2864864864864865,370,-2.4660326983556105,-0.5310810810810811,370,-2.328234301166769,-1.5828804347826086,368,-3.027872657315589
