{
  "chain": "Mark 55->Mark 01->Mark 22",
  "window_ts": 5000,
  "n_events": 535,
  "pooled": {
    "dm_ex_k5": {
      "n": 535,
      "mean": -0.21121495327102804,
      "t": -2.3938218807435274
    },
    "dm_ex_k20": {
      "n": 535,
      "mean": -0.6364485981308411,
      "t": -3.439594554644466
    },
    "dm_ex_k100": {
      "n": 532,
      "mean": -1.3853383458646618,
      "t": -3.4404050219162445
    }
  },
  "by_day": {
    "1": {
      "dm_ex_k5": {
        "n": 155,
        "mean": -0.17096774193548386,
        "t": -1.1693968526719216
      },
      "dm_ex_k20": {
        "n": 155,
        "mean": -0.0967741935483871,
        "t": -0.2766172303557219
      },
      "dm_ex_k100": {
        "n": 152,
        "mean": -0.34868421052631576,
        "t": -0.45319013346284404
      }
    },
    "2": {
      "dm_ex_k5": {
        "n": 157,
        "mean": 0.34394904458598724,
        "t": 3.0236170327622394
      },
      "dm_ex_k20": {
        "n": 157,
        "mean": -0.37898089171974525,
        "t": -1.230115586567932
      },
      "dm_ex_k100": {
        "n": 157,
        "mean": -2.1369426751592355,
        "t": -2.9973754964707346
      }
    },
    "3": {
      "dm_ex_k5": {
        "n": 223,
        "mean": -0.6300448430493274,
        "t": -3.874294423878606
      },
      "dm_ex_k20": {
        "n": 223,
        "mean": -1.1928251121076232,
        "t": -3.996239544791506
      },
      "dm_ex_k100": {
        "n": 223,
        "mean": -1.562780269058296,
        "t": -2.489508144771129
      }
    }
  }
}