day,n,mean,t
1,58,2.1982758620689653,9.624475054826299
2,61,1.7540983606557377,7.545165047965763
3,45,1.9333333333333333,5.681163741400793
