n,mean,median,t,pos_frac,mean_ci95_lo,mean_ci95_hi,burst
1608,0.33426616915422885,0.0,2.928817100825939,0.47201492537313433,0.12185945273631842,0.5283659825870644,True
2671,0.08199176338450019,0.0,0.9996924851779613,0.466491950580307,-0.07591725945338824,0.22055409958816918,False
