gate,n,dm_ex_k5,dm_ex_k5_n,dm_ex_k20,dm_ex_k20_n,dm_ex_k100,dm_ex_k100_n
tight,129,0.05426356589147287,129,0.5348837209302325,129,1.640625,128
loose,378,-0.1335978835978836,378,-0.4642857142857143,378,-0.9151193633952255,377
