{
  "horizon": "1 price row = +100 timestamp units; delta = first diff within day on sorted panel",
  "pooled": {
    "n_rows": 30000,
    "corr_s5200_s5300": 0.30759572531181095,
    "corr_s5200_s_ext": 0.008579133648986974,
    "corr_s5200_s5000": 0.4825011388963385,
    "corr_s5300_s_ext": 0.00538099178635405,
    "corr_s5300_s5000": 0.32570628016480746,
    "corr_s_ext_s5000": 0.018119080490740173,
    "corr_s_ext__d1_m_ext": 0.10778263478865237,
    "corr_s5000__d1_mid5000": 0.06777862655074962,
    "corr_s5200__d1_mid5200": 0.03799518799474621,
    "corr_s5300__d1_mid5300": 0.025117235212682318,
    "label": "pooled_all_rows"
  },
  "sonic_tight_subset": {
    "n_rows": 7722,
    "corr_s5200_s5300": 0.17170831867680342,
    "corr_s5200_s_ext": -0.013629731073541663,
    "corr_s5200_s5000": 0.6534564370150434,
    "corr_s5300_s_ext": 0.011876135931926672,
    "corr_s5300_s5000": 0.2481397968650212,
    "corr_s_ext_s5000": 0.010393265105982584,
    "corr_s_ext__d1_m_ext": 0.08999175535203088,
    "corr_s5000__d1_mid5000": 0.14508200048121667,
    "corr_s5200__d1_mid5200": 0.24585348428801898,
    "corr_s5300__d1_mid5300": 0.05075913026030055,
    "label": "pooled_sonic_tight"
  },
  "by_day": [
    {
      "n_rows": 10000,
      "corr_s5200_s5300": 0.23541333197197103,
      "corr_s5200_s_ext": 0.0226400286657829,
      "corr_s5200_s5000": 0.48193776485090983,
      "corr_s5300_s_ext": 0.006213809338129235,
      "corr_s5300_s5000": 0.2875410526318199,
      "corr_s_ext_s5000": 0.010166774454515722,
      "corr_s_ext__d1_m_ext": 0.1260896695240396,
      "corr_s5000__d1_mid5000": 0.06485121560157717,
      "corr_s5200__d1_mid5200": 0.0466011264899146,
      "corr_s5300__d1_mid5300": 0.03994796049817888,
      "day": 1
    },
    {
      "n_rows": 10000,
      "corr_s5200_s5300": 0.26555551935696986,
      "corr_s5200_s_ext": -0.0032321744096955683,
      "corr_s5200_s5000": 0.4677251109399046,
      "corr_s5300_s_ext": -0.01458498266903847,
      "corr_s5300_s5000": 0.30838452228031954,
      "corr_s_ext_s5000": 0.009022946137974679,
      "corr_s_ext__d1_m_ext": 0.08904961424122035,
      "corr_s5000__d1_mid5000": 0.07756019075275473,
      "corr_s5200__d1_mid5200": 0.05868512678913757,
      "corr_s5300__d1_mid5300": 0.029051874556235303,
      "day": 2
    },
    {
      "n_rows": 10000,
      "corr_s5200_s5300": 0.1839923411147627,
      "corr_s5200_s_ext": 0.004663721973669709,
      "corr_s5200_s5000": 0.419032344022941,
      "corr_s5300_s_ext": 0.018317039574920976,
      "corr_s5300_s5000": 0.25730794375773897,
      "corr_s_ext_s5000": 0.03237896849340465,
      "corr_s_ext__d1_m_ext": 0.10827109555810503,
      "corr_s5000__d1_mid5000": 0.0632622359195896,
      "corr_s5200__d1_mid5200": 0.013527831602707367,
      "corr_s5300__d1_mid5300": 0.008846178368274081,
      "day": 3
    }
  ]
}