day,n_bursts,mean_dm_ex_k20
1,98,-0.14285714285714285
2,96,0.3802083333333333
3,124,0.5725806451612904
