gate,n,mean_k5,t
tight_gate,27,1.7777777777777777,4.043984217799119
loose_gate,137,1.9963503649635037,12.586260212510172
