day,n,corr_u_flow_lag1_fwd5300_20
1,445,0.02494122365353091
2,472,0.026941513347514497
3,450,0.04437712363120804
