slice,K,n,mean,frac_pos
burst_B,5,1464,0.20013661202185792,0.4774590163934426
non_burst,5,2817,0.006922257720979766,0.33120340788072417
burst_B,20,1464,0.31079234972677594,0.505464480874317
non_burst,20,2815,-0.0021314387211367673,0.4003552397868561
