day,n,corr_u_flow_fwd5300_20
1,446,0.03094126155088631
2,473,0.06220408399546379
3,451,0.06181879771961773
