m01_print_same_ts,mean,count
0,-4.435822586972657e-19,219
1,-4.394632805807911e-17,6
