K,burst,mean,median,count
5,False,0.09834190966266437,0.0,1749
5,True,0.023936170212765957,0.0,376
20,False,0.03344768439108062,0.0,1749
20,True,0.2154255319148936,0.0,376
