signal,n,mean_fwd_same,ci95_low,ci95_high,B
Mark 67 buyer,164,1.9603658536585367,1.670731707317073,2.2530487804878048,8000
Mark 22 seller,90,2.022222222222222,1.6333333333333333,2.411111111111111,8000
Mark 49 seller,104,1.8461538461538463,1.4759615384615385,2.197235576923075,8000
