signal,holdout_day,n_train,mean_fwd_same_train,ci95_low,ci95_high,B
Mark 67 buyer,1,106,1.830188679245283,1.4528301886792452,2.207547169811321,8000
Mark 67 buyer,2,103,2.0825242718446604,1.703883495145631,2.4563106796116503,8000
Mark 67 buyer,3,119,1.9705882352941178,1.6596638655462186,2.2815126050420167,8000
Mark 22 seller,1,53,1.849056603773585,1.349056603773585,2.349056603773585,8000
Mark 22 seller,2,56,2.1160714285714284,1.6160714285714286,2.6160714285714284,8000
Mark 22 seller,3,71,2.0774647887323945,1.647887323943662,2.5,8000
Mark 49 seller,1,70,1.7642857142857142,1.2785714285714285,2.25,8000
Mark 49 seller,2,68,1.9485294117647058,1.4926470588235294,2.411764705882353,8000
Mark 49 seller,3,70,1.8285714285714285,1.4214285714285715,2.2216071428571404,8000
