signal_key,day,n,mean_fwd_same,median_fwd_same,frac_pos
Mark 67_buyer_aggr_buy_EXTRACT_K5,1,58,2.1982758620689653,2.0,0.896551724137931
Mark 67_buyer_aggr_buy_EXTRACT_K5,2,61,1.7540983606557377,2.0,0.8524590163934426
Mark 67_buyer_aggr_buy_EXTRACT_K5,3,45,1.9333333333333333,2.0,0.7333333333333333
Mark 22_seller_aggr_buy_EXTRACT_K5,1,37,2.27027027027027,2.0,0.918918918918919
Mark 22_seller_aggr_buy_EXTRACT_K5,2,34,1.8676470588235294,2.0,0.8529411764705882
Mark 22_seller_aggr_buy_EXTRACT_K5,3,19,1.8157894736842106,1.5,0.7894736842105263
Mark 49_seller_aggr_buy_EXTRACT_K5,1,34,2.014705882352941,2.0,0.8235294117647058
Mark 49_seller_aggr_buy_EXTRACT_K5,2,36,1.6527777777777777,2.0,0.8333333333333334
Mark 49_seller_aggr_buy_EXTRACT_K5,3,34,1.8823529411764706,2.0,0.7058823529411765
