{
  "K": 20,
  "n_tight": 7706,
  "n_not_tight": 22234,
  "mean_fwd_extract_tight": 0.32351414482221647,
  "mean_fwd_extract_not_tight": -0.12103085364756679,
  "welch_style": {
    "mean_a": 0.32351414482221647,
    "mean_b": -0.12103085364756679,
    "diff": 0.44454499846978324,
    "t_approx": 7.93512365520499,
    "n_a": 7706,
    "n_b": 22234
  }
}