{
  "quantiles_5300_spread": {
    "q33": 2,
    "q66": 2
  },
  "mean_abs_fwd5_VEV_5300_mid": {
    "tight_s5300": 0.6158441369793369,
    "wide_s5300": 0.7689950980392157
  },
  "n": {
    "tight_s5300": 27537,
    "wide_s5300": 2448
  }
}