csv_day,K,n,mean_fwd_same,median,frac_pos,t_stat
1,5,58,2.1982758620689653,2.0,0.896551724137931,9.624475054826299
1,20,58,2.0344827586206895,2.0,0.6724137931034483,4.025532574697869
1,100,58,3.146551724137931,4.0,0.5862068965517241,2.2874685724731254
2,5,61,1.7540983606557377,2.0,0.8524590163934426,7.545165047965764
2,20,61,1.4508196721311475,1.0,0.6229508196721312,2.952324503825413
2,100,60,1.4916666666666667,2.0,0.5833333333333334,1.5175560998079345
3,5,46,1.8804347826086956,2.0,0.717391304347826,5.579871039333304
3,20,46,2.130434782608696,1.75,0.6521739130434783,3.335014288222492
3,100,46,-0.6413043478260869,-1.25,0.43478260869565216,-0.43972719298023766
