{
  "n_burst_trades_extract": 82,
  "mean_fwd20_extract_burst": 1.201219512195122,
  "n_isolated_extract_trades": 1299,
  "mean_fwd20_extract_isolated": 0.2821401077752117
}