day,mean_fwd5,mean_fwd20,frac_mr,n
1,-0.013018322082931534,-0.015429122468659595,0.13789778206364514,1037
2,-0.088,0.0945,0.137,1000
3,0.038221528861154444,0.10179407176287052,0.14742589703588144,1282
