day,depth_q,abs_fwd5
1,d1,1.7176352705410822
1,d2,1.7589178356713426
1,d3,1.6595829991980753
1,d4,1.7190380761523045
2,d1,1.7529058116232465
2,d2,1.785571142284569
2,d3,1.730954290296712
2,d4,1.6763527054108216
3,d1,1.7462925851703406
3,d2,1.710821643286573
3,d3,1.663392141138733
3,d4,1.735070140280561
