day,spread_q,abs_fwd5
1,q1,1.7511022044088176
1,q2,1.6424849699398798
1,q3,1.7662389735364876
1,q4,1.6953907815631262
2,q1,1.8649298597194388
2,q2,1.667935871743487
2,q3,1.7337610264635124
2,q4,1.6791583166332664
3,q1,1.8012024048096191
3,q2,1.6589178356713428
3,q3,1.6579791499599037
3,q4,1.7374749498997997
