day,joint_tight,mean,count
1,False,1.7116189811584088,8598
1,True,1.7273714699493121,1381
2,False,1.7377605428986913,8252
2,True,1.7301679212507237,1727
3,False,1.7304404385801895,5381
3,True,1.6945411048281862,4598
