day,other,lag_ticks,mean_cross,n
1,HYDROGEL_PACK,9,-0.03165348813932539,9991
1,VEV_5200,0,0.55635,10000
1,VEV_5300,0,0.349,10000
2,HYDROGEL_PACK,2,-0.040333066613322664,9998
2,VEV_5200,0,0.5798,10000
2,VEV_5300,0,0.354075,10000
3,HYDROGEL_PACK,8,-0.028898118494795837,9992
3,VEV_5200,0,0.56025,10000
3,VEV_5300,0,0.309025,10000
