day,imb_q,fwd5_ex
1,low,0.01547941088067328
1,mid,-0.014281419122068552
1,hi,0.03231139164412383
2,low,-0.1340547039374812
2,mid,0.13484666265784725
2,hi,0.04839194469492035
3,low,-0.15028554253080853
3,mid,-0.01803968731208659
3,hi,0.07694619777577397
