day,ms_bin,abs_fwd5
1,low,1.7016831980763452
1,mid,1.6934756464221288
1,hi,1.7462417318099819
2,low,1.7640516982266305
2,mid,1.700841852074564
2,hi,1.7444377630787733
3,low,1.700180342651037
3,mid,1.7006915213469633
3,hi,1.740829825616356
