{
  "K": 20,
  "n_tight": 7706,
  "n_loose": 22234,
  "mean_fwd_hy_tight": 0.00927848429794965,
  "mean_fwd_hy_loose": 0.040456058289106776,
  "welch_t": -0.27866857666258316,
  "p": 0.7805034633412793,
  "by_day": {
    "1": {
      "mean_tight": -0.03765387400434468,
      "mean_loose": 0.13030584951738575,
      "n_tight": 1381,
      "n_loose": 8599
    },
    "2": {
      "mean_tight": 0.27504342790966996,
      "mean_loose": -0.06427965588270931,
      "n_tight": 1727,
      "n_loose": 8253
    },
    "3": {
      "mean_tight": -0.07644628099173553,
      "mean_loose": 0.05750650315867707,
      "n_tight": 4598,
      "n_loose": 5382
    }
  }
}