{
  "TH": 2,
  "K": 20,
  "pooled": {
    "n_tight": 7706,
    "n_loose": 22234,
    "mean_fwd_tight": 0.32351414482221647,
    "mean_fwd_loose": -0.12103085364756679,
    "welch_t": 7.935123655204991,
    "p": 2.268068162568603e-15
  },
  "by_day": {
    "1": {
      "n_tight": 1381,
      "n_loose": 8599,
      "mean_tight": 0.5992034757422158,
      "mean_loose": -0.048319572043260844
    },
    "2": {
      "n_tight": 1727,
      "n_loose": 8253,
      "mean_tight": 0.46409959467284306,
      "mean_loose": -0.018114624984853993
    },
    "3": {
      "n_tight": 4598,
      "n_loose": 5382,
      "mean_tight": 0.1879077859939104,
      "mean_loose": -0.3950204384986994
    }
  }
}