{
  "n_burst_timestamps": 217,
  "extract_fwd_mean": {
    "5": 0.09216589861751152,
    "20": 0.24193548387096775
  },
  "control_mean": {
    "5": -0.03917050691244239,
    "20": -0.1258660508083141
  },
  "per_day_burst_extract_fwd20_mean": {
    "1": [
      -0.34285714285714286,
      70
    ],
    "2": [
      -0.046875,
      64
    ],
    "3": [
      0.9578313253012049,
      83
    ]
  }
}