{
  "corr_matrix_s5200_s5300_s_ext": {
    "s5200": {
      "s5200": 1.0,
      "s5300": 0.3076,
      "s_ext": 0.0086
    },
    "s5300": {
      "s5200": 0.3076,
      "s5300": 1.0,
      "s_ext": 0.0054
    },
    "s_ext": {
      "s5200": 0.0086,
      "s5300": 0.0054,
      "s_ext": 1.0
    }
  },
  "spread_vs_abs_price_move_extract": {
    "corr_s5200_abs_dm_ext": 0.005186580438480382,
    "corr_s5300_abs_dm_ext": -0.001972671083000266,
    "corr_s_ext_abs_dm_ext": -0.21596767375627063
  }
}