{
  "n_burst_timestamps": 217,
  "extract_fwd20_all": {
    "n": 217,
    "mean": 0.24193548387096775
  },
  "extract_fwd20_tight_only": {
    "n": 217,
    "mean": 0.24193548387096775
  },
  "extract_fwd20_wide_only": {
    "n": 0,
    "mean": null
  }
}