{
  "mean_res_when_m01_m22_vev_print": -0.004785297941477356,
  "mean_res_otherwise": 0.0001769302802981069,
  "n_a": 317,
  "n_b": 29626,
  "welch_t": -25.842083917910074,
  "p": 3.1375338311131106e-80
}