mark,agg,n,mean_fwd20,median_fwd20
Mark 38,buy_agg,731,-0.1354309165526676,0.0
Mark 55,sell_agg,600,-0.10583333333333333,0.0
Mark 22,sell_agg,1430,-0.025874125874125874,0.0
Mark 38,sell_agg,745,0.038926174496644296,0.0
Mark 55,buy_agg,598,0.4088628762541806,0.5
Mark 67,buy_agg,164,1.8140243902439024,1.5
