{
  "False": {
    "n": 1030,
    "corr_sgn_fwd_ex": 0.14294173257529363
  },
  "True": {
    "n": 351,
    "corr_sgn_fwd_ex": 0.07838072612700406
  }
}