{
  "burst_extract_fwd20_by_day": {
    "1": {
      "5": [
        0.07857142857142857,
        70
      ],
      "20": [
        -0.34285714285714286,
        70
      ]
    },
    "2": {
      "5": [
        -0.0546875,
        64
      ],
      "20": [
        -0.046875,
        64
      ]
    },
    "3": {
      "5": [
        0.21686746987951808,
        83
      ],
      "20": [
        0.9578313253012049,
        83
      ]
    }
  }
}