{
  "burst_mean_by_K": {
    "5": 0.07751937984496124,
    "20": 0.32945736434108525
  },
  "control_mean_by_K": {
    "5": 0.03875968992248062,
    "20": 0.10775862068965517
  },
  "n_burst_events": 774,
  "n_control_samples": 2321
}