{
  "corr_hydro_signed_flow_extract_dmid_same_ts": -0.006199480011320162,
  "corr_hydro_flow_vs_extract_dmid_lead1": 0.03033941693581003,
  "n": 1019
}