aggressor,K,n,mean_fwd,frac_pos
buy_agg,5,1502,0.2956058588548602,0.5086551264980027
buy_agg,20,1500,0.31033333333333335,0.5186666666666667
buy_agg,100,1491,0.23138832997987926,0.5010060362173038
sell_agg,5,2776,-0.029178674351585013,0.25936599423631124
sell_agg,20,2776,-0.026476945244956772,0.3022334293948127
sell_agg,100,2755,-0.0809437386569873,0.32849364791288566
