slice,day,n,mean,frac_pos
Mark01->Mark22|VEV_5300|K=20,1,32,-0.703125,0.3125
Mark01->Mark22|VEV_5300|K=20,2,31,0.1774193548387097,0.41935483870967744
Mark01->Mark22|VEV_5300|K=20,3,69,0.014492753623188406,0.42028985507246375
