role,passive_counterparty,K,n,mean,median,t_stat,frac_pos,ci95_lo,ci95_hi
sell_agg_passive_buyer,Mark 14,5,316,-0.03322784810126582,0.0,-0.2808425831430369,0.41455696202531644,-0.25324367088607597,0.20098892405063268
sell_agg_passive_buyer,Mark 01,5,260,0.2903846153846154,0.25,2.112984526639036,0.5,0.02495192307692308,0.5654807692307687
sell_agg_passive_buyer,Mark 22,5,19,-1.368421052631579,-1.0,-2.1950070228882206,0.2631578947368421,-2.526315789473684,-0.10526315789473684
sell_agg_passive_buyer,Mark 49,5,16,-2.15625,-2.25,-3.3179724168294045,0.125,-3.375,-0.90625
sell_agg_passive_buyer,Mark 14,20,316,-0.23734177215189872,0.0,-1.040850794089224,0.4177215189873418,-0.6835443037974683,0.1930379746835443
sell_agg_passive_buyer,Mark 01,20,260,0.0057692307692307696,-0.5,0.02136718329201365,0.45384615384615384,-0.47697115384615385,0.5288461538461539
sell_agg_passive_buyer,Mark 22,20,19,0.39473684210526316,0.5,0.447346162153381,0.5263157894736842,-1.3953947368421051,2.0526315789473686
sell_agg_passive_buyer,Mark 49,20,16,-2.53125,-1.75,-1.9408227566644958,0.4375,-4.90703125,-0.09375
