role,passive_counterparty,K,n,mean,median,t_stat,frac_pos,ci95_lo,ci95_hi
buy_agg_passive_seller,Mark 14,5,331,0.26132930513595165,0.0,2.1520837296133988,0.48036253776435045,0.021148036253776436,0.4939954682779454
buy_agg_passive_seller,Mark 01,5,244,-0.0020491803278688526,0.0,-0.015143055493129122,0.4180327868852459,-0.26434426229508196,0.2581967213114754
buy_agg_passive_seller,Mark 49,5,104,1.8461538461538463,2.0,9.782143046421124,0.7884615384615384,1.4807692307692308,2.206730769230769
buy_agg_passive_seller,Mark 22,5,90,2.022222222222222,2.0,10.271773129152445,0.8666666666666667,1.6333333333333333,2.3944444444444444
buy_agg_passive_seller,Mark 14,20,331,0.5755287009063444,0.5,2.713686226945129,0.5196374622356495,0.1721676737160121,0.9879531722054379
buy_agg_passive_seller,Mark 01,20,244,0.006147540983606557,0.0,0.02254841886603109,0.47540983606557374,-0.5164959016393442,0.5328381147540981
buy_agg_passive_seller,Mark 49,20,104,1.8317307692307692,2.0,4.9525955625564935,0.6826923076923077,1.1391826923076922,2.5819711538461525
buy_agg_passive_seller,Mark 22,20,90,2.022222222222222,1.5,4.674667852598585,0.6444444444444445,1.149861111111111,2.861111111111111
