slice,spr_u_bin,K,n,mean,ci95_lo,ci95_hi
Mark67|U|buy_agg|fwd_u,u1,20,62,1.8951612903225807,0.967741935483871,2.7743951612903235
Mark67|U|buy_agg|fwd_u,u2_6,20,102,1.7647058823529411,0.9508578431372549,2.5686274509803924
