K,fwd_target,n,mean,ci95_lo,ci95_hi
5,same_sym_mid,164,1.9603658536585367,1.670731707317073,2.25
5,extract_mid,164,1.9603658536585367,1.6676829268292683,2.2560975609756095
5,hydro_mid,164,0.36890243902439024,-0.31410060975609755,1.0945121951219512
20,same_sym_mid,164,1.8140243902439024,1.2164634146341464,2.4207317073170733
20,extract_mid,164,1.8140243902439024,1.1981707317073171,2.402439024390244
20,hydro_mid,164,0.27439024390243905,-1.0396341463414633,1.5307926829268304
