day,n,mean_fwd_u_20,ci95_lo,ci95_hi
1,58,2.0344827586206895,1.0344827586206897,3.0172413793103448
2,61,1.4508196721311475,0.5407786885245902,2.418237704918032
3,45,2.022222222222222,0.7555555555555555,3.2447222222222205
