slice,spr_q,K,fwd,n,mean,median,t_stat,frac_pos,ci95_lo,ci95_hi
Mark67|U|buy_agg,Q1_tight,5,fwd_u,164,1.9603658536585367,2.0,13.025623326344341,0.8353658536585366,1.6798780487804879,2.256173780487804
Mark67|U|buy_agg,Q1_tight,5,fwd_same,164,1.9603658536585367,2.0,13.025623326344341,0.8353658536585366,1.646341463414634,2.2591463414634148
Mark67|U|buy_agg,Q1_tight,20,fwd_u,164,1.8140243902439024,1.5,5.86010068131766,0.6463414634146342,1.228582317073171,2.4299542682926822
Mark67|U|buy_agg,Q1_tight,20,fwd_same,164,1.8140243902439024,1.5,5.86010068131766,0.6463414634146342,1.1890243902439024,2.4298780487804876
