voucher,spread
VEV_4000,20.686666666666667
VEV_4500,15.751666666666667
VEV_5000,5.998333333333333
VEV_5100,4.25
VEV_5200,2.8566666666666665
VEV_5300,2.0966666666666667
VEV_5400,1.345
VEV_5500,1.1633333333333333
VEV_6000,1.0
VEV_6500,1.0
