tape_day,n,mean,t_stat,frac_pos,pass_n_ge_20
1,57.0,2.008771929824561,3.910593673112472,0.6666666666666666,True
2,60.0,1.4916666666666667,2.995635907584927,0.6333333333333333,True
3,45.0,2.022222222222222,3.14143488531692,0.6444444444444445,True
