day,joint_gate_tight,count,mean
1,True,32,-0.703125
2,True,31,0.1774193548387097
3,True,69,0.014492753623188406
