day,joint_gate_tight,count,mean
1,True,76,0.05263157894736842
2,True,78,0.02564102564102564
3,True,109,0.04128440366972477
