seller,n,m5,m20
Mark 22,90,2.022222222222222,2.022222222222222
Mark 49,104,1.8461538461538463,1.8317307692307692
