n_marks,mean,count
1.0,0.0010097457171839332,26940
2.0,0.0010072731792406234,2903
3.0,0.0010725388234925815,101
4.0,0.0009696421167143061,56
