slice,n,mean,ci95_low,ci95_high
extract_buyaggr_seller22,90,2.022222222222222,1.227638888888889,2.8555555555555556
extract_buyaggr_seller49,104,1.8317307692307692,1.1298076923076923,2.5578125000000003
extract_buyaggr_seller14,331,0.5755287009063444,0.14652567975830816,0.9833836858006042
extract_buyaggr_buyer67,164,1.8140243902439024,1.195045731707317,2.4054878048780486
extract_buyaggr_m67_m49,89,1.6348314606741574,0.8707865168539326,2.4271067415730343
extract_buyaggr_m67_m22,75,2.026666666666667,1.0998333333333334,2.98
hydro_m38_m14_allaggr,507,-0.3530571992110454,-1.0897435897435896,0.39647435897435906
