q,mean,count
"(-5.001, -1.0]",17.424522136905733,6121
"(-1.0, 0.0]",17.177570886864,17669
"(0.0, 1.0]",17.2479754601227,4075
"(1.0, 5.0]",17.208799222168206,2057
