day,joint_gate_tight,count,mean
1,True,89,-0.0056179775280898875
2,True,91,0.016483516483516484
3,False,1,0.0
3,True,118,0.05508474576271186
