day,x,y,corr,n
1,s5200,s5300,0.23541333197197103,10000
1,s5200,s_ext,0.0226400286657829,10000
1,s5300,s_ext,0.006213809338129235,10000
2,s5200,s5300,0.26555551935696986,10000
2,s5200,s_ext,-0.0032321744096955683,10000
2,s5300,s_ext,-0.01458498266903847,10000
3,s5200,s5300,0.1839923411147627,10000
3,s5200,s_ext,0.004663721973669709,10000
3,s5300,s_ext,0.018317039574920976,10000
