day,cell,n,mean_fwd_u20
1,nb_wide,852,0.2142018779342723
1,nb_tight,264,0.6268939393939394
1,b_tight,284,-0.47183098591549294
2,nb_wide,741,-0.11470985155195682
2,nb_tight,315,0.7238095238095238
2,b_tight,262,-0.17557251908396945
3,nb_wide,514,-0.3463035019455253
3,nb_tight,638,0.25235109717868337
3,b_tight,379,0.9670184696569921
