buyer,count,mean
Mark 49,15,-2.7333333333333334
Mark 14,311,-0.26688102893890675
Mark 01,260,0.0057692307692307696
Mark 22,19,0.39473684210526316
Mark 67,1,7.0
