day,lag,corr
1,0,-0.0009962552121215813
1,1,-0.010345883055127323
1,2,-0.017619024052265998
1,3,0.006272879503528044
1,4,-0.012429845007610171
1,5,0.014063090368046652
2,0,-0.0016465370141575918
2,1,0.019470339312637364
2,2,-0.006558797080634326
2,3,0.005881843459957771
2,4,0.01398008319429861
2,5,0.012252391580169528
3,0,-0.008154058523298894
3,1,-0.00268824037802253
3,2,-0.003111434571394713
3,3,0.016229951671166084
3,4,-0.024134733823239357
3,5,0.004880149412834411
