day,corr_s5200_s5300,corr_s5200_m_ext,corr_s5300_m_ext,n
1,0.23541333197197103,0.3881600550607635,0.3247393339884141,10000
2,0.26555551935696986,0.4678134040335108,0.40687633347312097,10000
3,0.1839923411147627,0.4250287058514157,0.35104851292484845,10000
