burst_exact,tight_joint,count,mean,median
0,False,2107,-0.03820598006644518,0.0
0,True,1217,0.45562859490550534,0.0
1,True,925,0.20162162162162162,0.0
