pair,count,mean
Mark 38->Mark 22,2,0.28921272588613745
Mark 14->Mark 22,33,0.2665507386845113
Mark 22->Mark 38,1,0.2513932654507601
Mark 01->Mark 22,11,0.24997687586438658
