day,corr_abs_dm_abs_ds5200,corr_abs_dm_abs_ds5300
1,0.01843876540944244,0.06505757024431895
2,0.032680967783123155,0.07876751646684219
3,0.03814450339159726,0.16531108796145516
