tight,buyer,count,mean
False,Mark 22,8,-5.5625
False,Mark 14,370,0.4702702702702703
True,Mark 22,3,-6.666666666666667
True,Mark 14,126,-0.4603174603174603
