tight,seller,count,mean
False,Mark 14,378,-0.5066137566137566
False,Mark 22,8,1.3125
True,Mark 14,129,0.09689922480620156
