lag_ticks,corr_signed_v53_to_ext
0,0.021843716407228063
1,-0.03800365176245641
2,-0.03868930082495687
3,0.009599983148290957
5,-0.018707528146371537
10,-0.02321322198566032
