slice,day,n,mean,frac_pos
vsMark22_buy_aggr_K5_same,1,45,2.0,0.8666666666666667
vsMark22_buy_aggr_K5_same,2,38,2.0657894736842106,0.8421052631578947
vsMark22_buy_aggr_K5_same,3,26,2.2115384615384617,0.8461538461538461
