seller,mean,count
Mark 01,0.006147540983606557,244
Mark 14,0.04832535885167464,1045
Mark 49,1.8317307692307692,104
Mark 22,2.0,109
