slice,day,n,mean,frac_pos
Mark67_buy_aggr_K5_same,1,58,2.1982758620689653,0.896551724137931
Mark67_buy_aggr_K5_same,2,61,1.7540983606557377,0.8524590163934426
Mark67_buy_aggr_K5_same,3,45,1.9333333333333333,0.7333333333333333
