{
  "method": "For each (day,timestamp,VEV), IV from mid via bisection, r=0, T=dte_eff/365 per plot_iv_smile / round3 time map. Bucket by abs(log(K/S)) using mid extract S; report median IV per bucket.",
  "buckets": [
    "(0.00,0.03]",
    "(0.03,0.06]",
    "(0.06,0.10]",
    "(0.10,0.15]",
    "(0.15,1.00]"
  ],
  "by_day": {
    "0": {
      "(0.00,0.03]": {
        "n": 1362,
        "median_iv": 0.23980118812788737
      },
      "(0.03,0.06]": {
        "n": 1038,
        "median_iv": 0.24330810331084127
      },
      "(0.06,0.10]": {
        "n": 0,
        "median_iv": null
      },
      "(0.10,0.15]": {
        "n": 404,
        "median_iv": 0.3666295433161706
      },
      "(0.15,1.00]": {
        "n": 543,
        "median_iv": 0.5513401225249714
      }
    },
    "1": {
      "(0.00,0.03]": {
        "n": 1349,
        "median_iv": 0.24276637933874923
      },
      "(0.03,0.06]": {
        "n": 1051,
        "median_iv": 0.2427236425097523
      },
      "(0.06,0.10]": {
        "n": 0,
        "median_iv": null
      },
      "(0.10,0.15]": {
        "n": 403,
        "median_iv": 0.39289766842929297
      },
      "(0.15,1.00]": {
        "n": 546,
        "median_iv": 0.5925483364483181
      }
    },
    "2": {
      "(0.00,0.03]": {
        "n": 1305,
        "median_iv": 0.24173535889980252
      },
      "(0.03,0.06]": {
        "n": 1091,
        "median_iv": 0.24540005444990087
      },
      "(0.06,0.10]": {
        "n": 0,
        "median_iv": null
      },
      "(0.10,0.15]": {
        "n": 404,
        "median_iv": 0.42818324699861465
      },
      "(0.15,1.00]": {
        "n": 557,
        "median_iv": 0.646479157799837
      }
    }
  }
}