subset,n,mean_abs_resid
joint_tight_panel,1336,0.3145198577789133
wide_on_panel,3,0.008361204013377926
