day,n,mean_fwd20,t_vs_zero
1,393,-0.04834605597964377,-1.4160208647876862
2,390,0.023076923076923078,0.7521987379243025
3,553,0.03887884267631103,1.1183630325588236
