day,gate_panel_rows,frac_joint_tight,n_ext_fwd20_tight,n_ext_fwd20_wide,mean_ext_fwd20_tight,mean_ext_fwd20_wide,welch_t_ext_fwd20_tight_vs_wide,p_welch_ext_fwd20,lag0_corr_tight_ex_vev5300,lag0_corr_wide_ex_vev5300,n_m01_m22_burst,mean_burst_vev5300_fwd5
1,10000,0.1381,1381,8599,0.5992034757422158,-0.048319572043260844,5.324774200000131,1.1325992390512087e-07,-0.17099967979308764,,95,0.30526315789473685
2,10000,0.1727,1727,8253,0.46409959467284306,-0.018114624984853993,4.238249348907661,2.3364087202802188e-05,-0.25096634925148414,,95,0.22631578947368422
3,10000,0.4614,4598,5382,0.1879077859939104,-0.3950204384986994,6.781484217589801,1.2578558881780901e-11,-0.24606939600567235,0.02688972313331936,124,0.22983870967741934
