subset,lag0_corr_ex_vev5300
joint_tight_ts,-0.2317094557969544
wide_ts,0.012664109046239005
