day,n_bursts,mean_fwd5,std_fwd5,frac_fwd5_pos
1,95,0.30526315789473685,0.9088651353564606,0.5157894736842106
2,95,0.22631578947368422,0.9669221322601024,0.49473684210526314
3,124,0.22983870967741934,0.8704713085318684,0.5080645161290323
