{
  "n_points": 600,
  "mean_vega_weighted_wing_resid": -0.010545440572745004,
  "p25": -0.013333854159489416,
  "p50": -0.011027026131737755,
  "p75": -0.008188802893167807
}