{
  "method": "Same-timestamp mid changes: d(VEV_5400_mid) vs d(VELVETFRUIT_EXTRACT_mid), days 0-2 Round 3 CSVs",
  "n_pairs": 22597,
  "beta_dv_du": 0.1288706233883293,
  "corr": 0.567930847001178
}
