{
  "n_subsampled_fits": 600,
  "step": 50,
  "wing_strikes": [
    4000,
    4500,
    5400,
    5500,
    6000,
    6500
  ],
  "fraction_timestamps_max_abs_wing_resid_ge_threshold": {
    "0.008": 0.915,
    "0.01": 0.8633333333333333,
    "0.012": 0.8066666666666666,
    "0.014": 0.6816666666666666,
    "0.016": 0.4816666666666667
  }
}