day,corr_s5200_s5300,corr_s5200_m_ext,corr_s5300_m_ext,corr_s5200_fwd_k,corr_s5300_fwd_k,corr_s_ext_fwd_k
1,0.23554876095090876,0.3881528430604708,0.32425072915844616,-0.06600218107794242,-0.04086902744472123,-0.02624314806838613
2,0.26498871679113534,0.46578571053002166,0.40694226580332143,-0.05165546975906961,-0.04860949708040206,-0.008296515122539127
3,0.1841126412863622,0.42512255286967515,0.3514453091587099,-0.07279947278139161,-0.05369394375994972,-0.043447883456892857
