{
  "day_0": {
    "VEV_4000": {
      "up_n": 86,
      "down_n": 96,
      "beta_up": 0.5928571428571429,
      "beta_down": 0.6430817610062893,
      "mean_dV_up": 1.930232558139535,
      "mean_dV_down": -2.1302083333333335,
      "mean_dsp_up": -0.11627906976744186,
      "mean_dsp_down": -0.010416666666666666
    },
    "VEV_4500": {
      "up_n": 86,
      "down_n": 96,
      "beta_up": 0.5357142857142857,
      "beta_down": 0.5833333333333334,
      "mean_dV_up": 1.744186046511628,
      "mean_dV_down": -1.9322916666666667,
      "mean_dsp_up": -0.11627906976744186,
      "mean_dsp_down": -0.010416666666666666
    }
  },
  "day_1": {
    "VEV_4000": {
      "up_n": 97,
      "down_n": 109,
      "beta_up": 0.6450079239302694,
      "beta_down": 0.7005730659025788,
      "mean_dV_up": 2.097938144329897,
      "mean_dV_down": -2.243119266055046,
      "mean_dsp_up": 0.17525773195876287,
      "mean_dsp_down": -0.027522935779816515
    },
    "VEV_4500": {
      "up_n": 97,
      "down_n": 109,
      "beta_up": 0.561014263074485,
      "beta_down": 0.6389684813753582,
      "mean_dV_up": 1.824742268041237,
      "mean_dV_down": -2.0458715596330275,
      "mean_dsp_up": 0.20618556701030927,
      "mean_dsp_down": 0.01834862385321101
    }
  },
  "day_2": {
    "VEV_4000": {
      "up_n": 94,
      "down_n": 97,
      "beta_up": 0.5973154362416108,
      "beta_down": 0.5671875,
      "mean_dV_up": 1.8936170212765957,
      "mean_dV_down": -1.8711340206185567,
      "mean_dsp_up": 0.23404255319148937,
      "mean_dsp_down": 0.030927835051546393
    },
    "VEV_4500": {
      "up_n": 94,
      "down_n": 97,
      "beta_up": 0.5604026845637584,
      "beta_down": 0.5265625,
      "mean_dV_up": 1.7765957446808511,
      "mean_dV_down": -1.7371134020618557,
      "mean_dsp_up": 0.10638297872340426,
      "mean_dsp_down": 0.010309278350515464
    }
  }
}