tape_day,n,mean_abs_fwd
1,2042,1.8136630754162586
2,2067,1.8541364296081277
3,2026,1.8070088845014807
