tape_day,mark_01_22_print,mean_skew,n
1,0,-46.41769339527368,9902
1,1,-45.55102040816327,98
2,0,-43.98359414437153,9905
2,1,-43.40526315789474,95
3,0,-31.657148643175375,9876
3,1,-30.403225806451612,124
