tape_day,corr_mark22_sell_qty_vs_dextract
1,-0.02057538071763732
2,-0.027578297121532987
3,-0.004474089955117769
