tape_day,mean5,mean20,n
1,0.25333333333333335,0.4266666666666667,75
2,0.2,0.25625,80
3,0.23706896551724138,0.3706896551724138,116
