{
  "timing_note": "DTE at open: csv_day 0\u21928d, 1\u21927d, 2\u21926d (round3description example aligns simulation round index with historical day). Intraday: subtract ~1 day linearly over timestamps (Frankfurt-style winding from plot_iv_smile_round3).",
  "days": {
    "0": {
      "n_iv_points": 421,
      "mean_spread_by_product": {
        "VEV_4000": 20.52,
        "VEV_4500": 15.6,
        "VEV_5000": 5.96,
        "VEV_5100": 4.34,
        "VEV_5200": 2.88,
        "VEV_5300": 2.12,
        "VEV_5400": 1.42,
        "VEV_5500": 1.16,
        "VEV_6000": 1.0,
        "VEV_6500": 1.0,
        "VELVETFRUIT_EXTRACT": 4.98,
        "HYDROGEL_PACK": 15.78
      },
      "iv_smile_poly_rmse": 0.00882467104308741,
      "atm_iv_mean": 0.2397814938115173,
      "atm_iv_std": 0.0032218807352600827
    },
    "1": {
      "n_iv_points": 416,
      "mean_spread_by_product": {
        "VEV_4000": 20.44,
        "VEV_4500": 15.6,
        "VEV_5000": 5.9,
        "VEV_5100": 4.08,
        "VEV_5200": 2.78,
        "VEV_5300": 2.04,
        "VEV_5400": 1.34,
        "VEV_5500": 1.24,
        "VEV_6000": 1.0,
        "VEV_6500": 1.0,
        "VELVETFRUIT_EXTRACT": 5.24,
        "HYDROGEL_PACK": 15.34
      },
      "iv_smile_poly_rmse": 0.010559186127140817,
      "atm_iv_mean": 0.24599424844591716,
      "atm_iv_std": 0.0032048599742713992
    },
    "2": {
      "n_iv_points": 416,
      "mean_spread_by_product": {
        "VEV_4000": 21.14,
        "VEV_4500": 16.08,
        "VEV_5000": 6.24,
        "VEV_5100": 4.34,
        "VEV_5200": 2.88,
        "VEV_5300": 2.16,
        "VEV_5400": 1.3,
        "VEV_5500": 1.18,
        "VEV_6000": 1.0,
        "VEV_6500": 1.0,
        "VELVETFRUIT_EXTRACT": 5.12,
        "HYDROGEL_PACK": 15.32
      },
      "iv_smile_poly_rmse": 0.013926687810532344,
      "atm_iv_mean": 0.2451268750738674,
      "atm_iv_std": 0.003965794836700861
    }
  }
}