{
  "method": "Per-day, per-strike regressions on 1-step returns (ts step 100): dV vs dS, lead/lag beta, up/down asymmetry, spread response after |dS| shocks; plus IV->delta estimates.",
  "days": {
    "0": {
      "shock_threshold_abs_dS": 2.0,
      "by_strike": {
        "VEV_4000": {
          "beta_dV_dS": 0.7444740196753726,
          "r2_dV_dS": 0.35427040476667965,
          "beta_lag_dS_to_dV": -0.023661333506654388,
          "beta_lead_dS_to_dV": -0.019256666623717736,
          "beta_up": 0.607543877998928,
          "beta_down": 0.6389066325260178,
          "spread_jump_after_shock_mean": -0.01794453507340946,
          "spread_jump_after_shock_std": 2.044326189122806,
          "n_obs": 9999,
          "iv_mean": 0.7615496425157798,
          "delta_mean": 0.993778548924005
        },
        "VEV_4500": {
          "beta_dV_dS": 0.6598429866033906,
          "r2_dV_dS": 0.3551862116474475,
          "beta_lag_dS_to_dV": 0.01876132863583534,
          "beta_lead_dS_to_dV": 0.016866544845393166,
          "beta_up": 0.5363464185764918,
          "beta_down": 0.5963447177116361,
          "spread_jump_after_shock_mean": -0.04404567699836868,
          "spread_jump_after_shock_std": 1.5637791830760865,
          "n_obs": 9999,
          "iv_mean": 0.4316941054746255,
          "delta_mean": 0.9936265029992783
        },
        "VEV_5000": {
          "beta_dV_dS": 0.6506629608666906,
          "r2_dV_dS": 0.5692212174548814,
          "beta_lag_dS_to_dV": 0.00047771517038160566,
          "beta_lead_dS_to_dV": -0.002589024560682369,
          "beta_up": 0.5230583432685333,
          "beta_down": 0.559013505681905,
          "spread_jump_after_shock_mean": -0.02773246329526917,
          "spread_jump_after_shock_std": 0.7871711668479117,
          "n_obs": 9999,
          "iv_mean": 0.24160781468594833,
          "delta_mean": 0.9196832787138448
        },
        "VEV_5100": {
          "beta_dV_dS": 0.5606951705169018,
          "r2_dV_dS": 0.5772182666605196,
          "beta_lag_dS_to_dV": 0.0003582146631389331,
          "beta_lead_dS_to_dV": -0.002728497311697331,
          "beta_up": 0.46231466117444747,
          "beta_down": 0.4788953943178737,
          "spread_jump_after_shock_mean": 0.01631321370309951,
          "spread_jump_after_shock_std": 0.7492438287222103,
          "n_obs": 9999,
          "iv_mean": 0.2444376800347684,
          "delta_mean": 0.794991912616628
        },
        "VEV_5200": {
          "beta_dV_dS": 0.4299851007798897,
          "r2_dV_dS": 0.5032341103540042,
          "beta_lag_dS_to_dV": -0.001095672317656716,
          "beta_lead_dS_to_dV": -0.0011353848758879868,
          "beta_up": 0.34308133385157213,
          "beta_down": 0.38696244455266376,
          "spread_jump_after_shock_mean": 0.013866231647634585,
          "spread_jump_after_shock_std": 0.5441820479169577,
          "n_obs": 9999,
          "iv_mean": 0.23987730196970142,
          "delta_mean": 0.6086048505632667
        },
        "VEV_5300": {
          "beta_dV_dS": 0.2736466912156249,
          "r2_dV_dS": 0.39089963818050155,
          "beta_lag_dS_to_dV": 0.003644550326959945,
          "beta_lead_dS_to_dV": -0.0023700269466931895,
          "beta_up": 0.2185563225722666,
          "beta_down": 0.23539030737601072,
          "spread_jump_after_shock_mean": -0.01468189233278956,
          "spread_jump_after_shock_std": 0.5266263252819858,
          "n_obs": 9999,
          "iv_mean": 0.2399028882197537,
          "delta_mean": 0.3909253539308028
        },
        "VEV_5400": {
          "beta_dV_dS": 0.13785866390145246,
          "r2_dV_dS": 0.3130202262874375,
          "beta_lag_dS_to_dV": 0.0005175845301194716,
          "beta_lead_dS_to_dV": -0.003445386256035828,
          "beta_up": 0.12212268191477854,
          "beta_down": 0.12247919278815514,
          "spread_jump_after_shock_mean": -0.01794453507340946,
          "spread_jump_after_shock_std": 0.7675060168498502,
          "n_obs": 9999,
          "iv_mean": 0.2293492233234595,
          "delta_mean": 0.1952989549981286
        },
        "VEV_5500": {
          "beta_dV_dS": 0.0638217077319781,
          "r2_dV_dS": 0.14087360636959337,
          "beta_lag_dS_to_dV": 0.0009758849518249136,
          "beta_lead_dS_to_dV": -0.0004978913303493093,
          "beta_up": 0.06142256159760687,
          "beta_down": 0.05570149556311146,
          "spread_jump_after_shock_mean": 0.013050570962479609,
          "spread_jump_after_shock_std": 0.5282170169848059,
          "n_obs": 9999,
          "iv_mean": 0.24638495878272687,
          "delta_mean": 0.09414192727642512
        },
        "VEV_6000": {
          "beta_dV_dS": 0.0,
          "r2_dV_dS": NaN,
          "beta_lag_dS_to_dV": 0.0,
          "beta_lead_dS_to_dV": 0.0,
          "beta_up": 0.0,
          "beta_down": 0.0,
          "spread_jump_after_shock_mean": 0.0,
          "spread_jump_after_shock_std": 0.0,
          "n_obs": 9999,
          "iv_mean": 0.366802684490051,
          "delta_mean": 0.005750501299494285
        },
        "VEV_6500": {
          "beta_dV_dS": 0.0,
          "r2_dV_dS": NaN,
          "beta_lag_dS_to_dV": 0.0,
          "beta_lead_dS_to_dV": 0.0,
          "beta_up": 0.0,
          "beta_down": 0.0,
          "spread_jump_after_shock_mean": 0.0,
          "spread_jump_after_shock_std": 0.0,
          "n_obs": 9999,
          "iv_mean": 0.5548591576861122,
          "delta_mean": 0.0039633877006741295
        }
      }
    },
    "1": {
      "shock_threshold_abs_dS": 2.0,
      "by_strike": {
        "VEV_4000": {
          "beta_dV_dS": 0.758206833061598,
          "r2_dV_dS": 0.359359981536872,
          "beta_lag_dS_to_dV": -0.03685569482142879,
          "beta_lead_dS_to_dV": -0.06277292121468209,
          "beta_up": 0.646689715653012,
          "beta_down": 0.6501300482358648,
          "spread_jump_after_shock_mean": -0.047031611410948346,
          "spread_jump_after_shock_std": 2.0150152160118315,
          "n_obs": 9999,
          "iv_mean": 0.8189430682060003,
          "delta_mean": 0.9936656987839733
        },
        "VEV_4500": {
          "beta_dV_dS": 0.6658889826687835,
          "r2_dV_dS": 0.3557581847963772,
          "beta_lag_dS_to_dV": 0.00597699885096893,
          "beta_lead_dS_to_dV": -0.01025468248911695,
          "beta_up": 0.5652169847633249,
          "beta_down": 0.5793534027348287,
          "spread_jump_after_shock_mean": -0.02081727062451812,
          "spread_jump_after_shock_std": 1.594366513216747,
          "n_obs": 9999,
          "iv_mean": 0.46451210371868656,
          "delta_mean": 0.9935819445593005
        },
        "VEV_5000": {
          "beta_dV_dS": 0.6520660513894077,
          "r2_dV_dS": 0.5649494656096755,
          "beta_lag_dS_to_dV": -0.011400190992809265,
          "beta_lead_dS_to_dV": -0.015457432207700315,
          "beta_up": 0.5269425739506426,
          "beta_down": 0.5445300872298452,
          "spread_jump_after_shock_mean": -0.04394757131842714,
          "spread_jump_after_shock_std": 0.7888570946423888,
          "n_obs": 9999,
          "iv_mean": 0.24094272718145113,
          "delta_mean": 0.9353965290087587
        },
        "VEV_5100": {
          "beta_dV_dS": 0.5759604387438911,
          "r2_dV_dS": 0.5901841119174855,
          "beta_lag_dS_to_dV": -0.014738979196675276,
          "beta_lead_dS_to_dV": -0.017961225798456958,
          "beta_up": 0.4620802626633956,
          "beta_down": 0.4953450064729816,
          "spread_jump_after_shock_mean": -0.017733230531996914,
          "spread_jump_after_shock_std": 0.7589955064288186,
          "n_obs": 9999,
          "iv_mean": 0.23792923117899537,
          "delta_mean": 0.8202070755960204
        },
        "VEV_5200": {
          "beta_dV_dS": 0.432058074251759,
          "r2_dV_dS": 0.5062660860147732,
          "beta_lag_dS_to_dV": -0.009883957016703856,
          "beta_lead_dS_to_dV": -0.008543963423876248,