{
  "residual_reversion": {
    "0": {
      "VEV_4000": {
        "lag1_beta": 0.259176423895996,
        "mean_abs_res": 0.020410402745962463,
        "n": 11
      },
      "VEV_4500": {
        "lag1_beta": 0.21159150046490133,
        "mean_abs_res": 0.028125059305879555,
        "n": 30
      },
      "VEV_5000": {
        "lag1_beta": 0.6137422750086933,
        "mean_abs_res": 0.18032096184946403,
        "n": 100
      },
      "VEV_5100": {
        "lag1_beta": 0.48514655544220237,
        "mean_abs_res": 0.30253728308079275,
        "n": 100
      },
      "VEV_5200": {
        "lag1_beta": 0.5499715527294764,
        "mean_abs_res": 0.6363776878177417,
        "n": 100
      },
      "VEV_5300": {
        "lag1_beta": 0.7597200528780038,
        "mean_abs_res": 0.730681786495077,
        "n": 100
      },
      "VEV_5400": {
        "lag1_beta": 0.8842469894423384,
        "mean_abs_res": 1.7940065989356588,
        "n": 100
      },
      "VEV_5500": {
        "lag1_beta": 0.6676779192087776,
        "mean_abs_res": 0.47045142464184125,
        "n": 100
      },
      "VEV_6000": {
        "lag1_beta": 0.8458608237687469,
        "mean_abs_res": 0.06615569769332236,
        "n": 100
      },
      "VEV_6500": {
        "lag1_beta": 0.19309400796963833,
        "mean_abs_res": 0.018298851479471592,
        "n": 100
      }
    },
    "1": {
      "VEV_4000": {
        "lag1_beta": 0.1040260810942884,
        "mean_abs_res": 0.02631261033097944,
        "n": 11
      },
      "VEV_4500": {
        "lag1_beta": 0.14463665994975508,
        "mean_abs_res": 0.04946186214389522,
        "n": 21
      },
      "VEV_5000": {
        "lag1_beta": 0.38338154770015487,
        "mean_abs_res": 0.12483337980522116,
        "n": 100
      },
      "VEV_5100": {
        "lag1_beta": 0.0038434646609816618,
        "mean_abs_res": 0.19305850464182917,
        "n": 100
      },
      "VEV_5200": {
        "lag1_beta": 0.7230103286921846,
        "mean_abs_res": 0.9493716910184253,
        "n": 100
      },
      "VEV_5300": {
        "lag1_beta": 0.9019341046858331,
        "mean_abs_res": 1.4211849919657324,
        "n": 100
      },
      "VEV_5400": {
        "lag1_beta": 0.900957716882995,
        "mean_abs_res": 2.3447080430100242,
        "n": 100
      },
      "VEV_5500": {
        "lag1_beta": 0.7481749104568854,
        "mean_abs_res": 0.6550498096425724,
        "n": 100
      },
      "VEV_6000": {
        "lag1_beta": 0.8824555600511913,
        "mean_abs_res": 0.11039303621529832,
        "n": 100
      },
      "VEV_6500": {
        "lag1_beta": 0.7045207871209972,
        "mean_abs_res": 0.03176778065138098,
        "n": 100
      }
    },
    "2": {
      "VEV_4000": {
        "lag1_beta": 0.5291706689455248,
        "mean_abs_res": 0.008556244180997654,
        "n": 11
      },
      "VEV_4500": {
        "lag1_beta": 0.5897973837627051,
        "mean_abs_res": 0.015638724331588475,
        "n": 24
      },
      "VEV_5000": {
        "lag1_beta": 0.3489456364792946,
        "mean_abs_res": 0.07368040856015107,
        "n": 100
      },
      "VEV_5100": {
        "lag1_beta": 0.22068759422785386,
        "mean_abs_res": 0.164118484314372,
        "n": 100
      },
      "VEV_5200": {
        "lag1_beta": 0.7962692831906927,
        "mean_abs_res": 0.665225021633444,
        "n": 100
      },
      "VEV_5300": {
        "lag1_beta": 0.8647137902734132,
        "mean_abs_res": 1.1504537006056068,
        "n": 100
      },
      "VEV_5400": {
        "lag1_beta": 0.8974301966722551,
        "mean_abs_res": 2.3701172802893478,
        "n": 100
      },
      "VEV_5500": {
        "lag1_beta": 0.8097525247183525,
        "mean_abs_res": 0.8180506023346521,
        "n": 100
      },
      "VEV_6000": {
        "lag1_beta": 0.9552874430014086,
        "mean_abs_res": 0.16410182990623098,
        "n": 100
      },
      "VEV_6500": {
        "lag1_beta": 0.7639661944412104,
        "mean_abs_res": 0.05390108516049821,
        "n": 100
      }
    }
  },
  "greek_buckets": {
    "0": {
      "VEV_4000": {
        "delta_mean": 0.9909110719055384,
        "vega_mean": 17.81783023280249,
        "res_std": 0.022192717893318583,
        "n": 11
      },
      "VEV_4500": {
        "delta_mean": 0.9945297837212371,
        "vega_mean": 11.670037043974983,
        "res_std": 0.05816664502996704,
        "n": 30
      },
      "VEV_5000": {
        "delta_mean": 0.9133471320583744,
        "vega_mean": 118.36357172558397,
        "res_std": 0.15422611315035836,
        "n": 100
      },
      "VEV_5100": {
        "delta_mean": 0.8004183261830288,
        "vega_mean": 209.68054651571114,
        "res_std": 0.25793438847569944,
        "n": 100
      },
      "VEV_5200": {
        "delta_mean": 0.611598805527403,
        "vega_mean": 287.39568224967746,
        "res_std": 0.5098393599390354,
        "n": 100
      },
      "VEV_5300": {
        "delta_mean": 0.38925203942743153,
        "vega_mean": 287.6339231347025,
        "res_std": 0.39990994051238893,
        "n": 100
      },
      "VEV_5400": {
        "delta_mean": 0.20718490455483937,
        "vega_mean": 214.55553363159902,
        "res_std": 1.1525753781881536,
        "n": 100
      },
      "VEV_5500": {
        "delta_mean": 0.09787486164850331,
        "vega_mean": 129.7159830263845,
        "res_std": 0.3912194960157733,
        "n": 100
      },
      "VEV_6000": {
        "delta_mean": 0.005140235936841352,
        "vega_mean": 11.148197847076823,
        "res_std": 0.04061821554656062,
        "n": 100
      },
      "VEV_6500": {
        "delta_mean": 0.004035245036774589,
        "vega_mean": 8.980613005658883,
        "res_std": 0.019667071803349614,
        "n": 100
      }
    },
    "1": {
      "VEV_4000": {
        "delta_mean": 0.9906722227843715,
        "vega_mean": 16.583194309505078,
        "res_std": 0.038164318559474934,
        "n": 11
      },
      "VEV_4500": {
        "delta_mean": 0.9941945869059203,
        "vega_mean": 11.365870780917943,
        "res_std": 0.10018619750761543,
        "n": 21
      },
      "VEV_5000": {
        "delta_mean": 0.9295579023196429,
        "vega_mean": 94.05983998591746,
        "res_std": 0.1483808398745807,
        "n": 100
      },
      "VEV_5100": {
        "delta_mean": 0.8190259685983338,
        "vega_mean": 183.64942146380795,
        "res_std": 0.40295472857798137,
        "n": 100
      },
      "VEV_5200": {
        "delta_mean": 0.6211963213164033,
        "vega_mean": 265.3548477937263,
        "res_std": 0.549831968299891,
        "n": 100
      },
      "VEV_5300": {
        "delta_mean": 0.38444031052059413,
        "vega_mean": 266.65758452516855,
        "res_std": 0.6850549743180492,
        "n": 100
      },
      "VEV_5400": {
        "delta_mean": 0.19584517983956257,
        "vega_mean": 193.08421100342707,
        "res_std": 0.786586934516112,
        "n": 100
      },
      "VEV_5500": {
        "delta_mean": 0.08845327684893166,
        "vega_mean": 112.07531013877758,
        "res_std": 0.4299896977824583,
        "n": 100
      },
      "VEV_6000": {
        "delta_mean": 0.004701398491203301,
        "vega_mean": 9.588491141931193,
        "res_std": 0.04979106238169179,
        "n": 100
      },
      "VEV_6500": {
        "delta_mean": 0.004165407882864012,
        "vega_mean": 8.602202294794399,
        "res_std": 0.024333705380724362,
        "n": 100
      }
    },
    "2": {
      "VEV_4000": {
        "delta_mean": 0.9950781478809659,
        "vega_mean": 9.043200771687198,
        "res_std": 0.008304617472392405,
        "n": 11
      },
      "VEV_4500": {
        "delta_mean": 0.9961844560595395,
        "vega_mean": 7.2851076180035435,
        "res_std": 0.01977064491151099,
        "n": 24
      },
      "VEV_5000": {
        "delta_mean": 0.9492633687636753,
        "vega_mean": 66.84037196636578,
        "res_std": 0.08948149372655073,
        "n": 100
      },