{
  "mean_vega_by_vev": {
    "VEV_4000": [
      12.224799602897928,
      110.02319642608136
    ],
    "VEV_4500": [
      14.008799000373887,
      210.1319850056083
    ],
    "VEV_5000": [
      86.99621119377404,
      5219.772671626442
    ],
    "VEV_5100": [
      181.21988227407886,
      10873.192936444731
    ],
    "VEV_5200": [
      264.61370322231863,
      15876.82219333912
    ],
    "VEV_5300": [
      268.5315017698252,
      16111.890106189512
    ],
    "VEV_5400": [
      186.40729747425584,
      11184.43784845535
    ],
    "VEV_5500": [
      108.61450226549938,
      6516.870135929963
    ],
    "VEV_6000": [
      11.510537046763993,
      690.6322228058395
    ],
    "VEV_6500": [
      8.247115165534902,
      494.8269099320941
    ]
  },
  "note": "vega from BS at mids, T from dte_effective/365"
}