day,n_gate_on,mean_fwd
1,32,-0.703125
2,31,0.1774193548387097
3,69,0.014492753623188406
