day,n_tight,n_loose,mean_tight,mean_loose,welch_t,p_value
1,1381,8599,0.5992034757422158,-0.048319572043260844,5.324774200000131,1.1325992390512087e-07
2,1727,8253,0.46409959467284306,-0.018114624984853993,4.238249348907661,2.3364087202802188e-05
3,4598,5382,0.1879077859939104,-0.3950204384986994,6.781484217589801,1.2578558881780901e-11
