{
  "TH": 2.0,
  "BURST_MIN": 4,
  "KS": [
    5,
    10,
    20,
    50
  ],
  "pooled": {
    "any_m01_m22_burst": {
      "K5": {
        "n": 291,
        "mean": 0.230241,
        "frac_pos": 0.494845
      },
      "K10": {
        "n": 291,
        "mean": 0.278351,
        "frac_pos": 0.512027
      },
      "K20": {
        "n": 291,
        "mean": 0.331615,
        "frac_pos": 0.512027
      },
      "K50": {
        "n": 290,
        "mean": 0.444828,
        "frac_pos": 0.544828
      }
    },
    "m01_m22_on_5300": {
      "K5": {
        "n": 131,
        "mean": -0.145038,
        "frac_pos": 0.251908
      },
      "K10": {
        "n": 131,
        "mean": -0.141221,
        "frac_pos": 0.328244
      },
      "K20": {
        "n": 131,
        "mean": -0.122137,
        "frac_pos": 0.396947
      },
      "K50": {
        "n": 131,
        "mean": 0.030534,
        "frac_pos": 0.465649
      }
    },
    "m01_m22_basket_only": {
      "K5": {
        "n": 160,
        "mean": 0.5375,
        "frac_pos": 0.69375
      },
      "K10": {
        "n": 160,
        "mean": 0.621875,
        "frac_pos": 0.6625
      },
      "K20": {
        "n": 160,
        "mean": 0.703125,
        "frac_pos": 0.60625
      },
      "K50": {
        "n": 159,
        "mean": 0.786164,
        "frac_pos": 0.610063
      }
    }
  },
  "per_day": {
    "1": {
      "any_m01_m22_burst": {
        "K5": {
          "n": 84,
          "mean": 0.25,
          "frac_pos": 0.488095
        },
        "K10": {
          "n": 84,
          "mean": 0.35119,
          "frac_pos": 0.511905
        },
        "K20": {
          "n": 84,
          "mean": 0.309524,
          "frac_pos": 0.5
        },
        "K50": {
          "n": 84,
          "mean": 0.22619,
          "frac_pos": 0.535714
        }
      },
      "m01_m22_on_5300": {
        "K5": {
          "n": 32,
          "mean": -0.28125,
          "frac_pos": 0.15625
        },
        "K10": {
          "n": 32,
          "mean": -0.296875,
          "frac_pos": 0.25
        },
        "K20": {
          "n": 32,
          "mean": -0.703125,
          "frac_pos": 0.3125
        },
        "K50": {
          "n": 32,
          "mean": -0.921875,
          "frac_pos": 0.3125
        }
      },
      "m01_m22_basket_only": {
        "K5": {
          "n": 52,
          "mean": 0.576923,
          "frac_pos": 0.692308
        },
        "K10": {
          "n": 52,
          "mean": 0.75,
          "frac_pos": 0.673077
        },
        "K20": {
          "n": 52,
          "mean": 0.932692,
          "frac_pos": 0.615385
        },
        "K50": {
          "n": 52,
          "mean": 0.932692,
          "frac_pos": 0.673077
        }
      }
    },
    "2": {
      "any_m01_m22_burst": {
        "K5": {
          "n": 87,
          "mean": 0.212644,
          "frac_pos": 0.482759
        },
        "K10": {
          "n": 87,
          "mean": 0.224138,
          "frac_pos": 0.505747
        },
        "K20": {
          "n": 87,
          "mean": 0.333333,
          "frac_pos": 0.517241
        },
        "K50": {
          "n": 87,
          "mean": 0.586207,
          "frac_pos": 0.494253
        }
      },
      "m01_m22_on_5300": {
        "K5": {
          "n": 30,
          "mean": -0.033333,
          "frac_pos": 0.233333
        },
        "K10": {
          "n": 30,
          "mean": -0.033333,
          "frac_pos": 0.333333
        },
        "K20": {
          "n": 30,
          "mean": 0.183333,
          "frac_pos": 0.433333
        },
        "K50": {
          "n": 30,
          "mean": 0.4,
          "frac_pos": 0.5
        }
      },
      "m01_m22_basket_only": {
        "K5": {
          "n": 57,
          "mean": 0.342105,
          "frac_pos": 0.614035
        },
        "K10": {
          "n": 57,
          "mean": 0.359649,
          "frac_pos": 0.596491
        },
        "K20": {
          "n": 57,
          "mean": 0.412281,
          "frac_pos": 0.561404
        },
        "K50": {
          "n": 57,
          "mean": 0.684211,
          "frac_pos": 0.491228
        }
      }
    },
    "3": {
      "any_m01_m22_burst": {
        "K5": {
          "n": 120,
          "mean": 0.229167,
          "frac_pos": 0.508333
        },
        "K10": {
          "n": 120,
          "mean": 0.266667,
          "frac_pos": 0.516667
        },
        "K20": {
          "n": 120,
          "mean": 0.345833,
          "frac_pos": 0.516667
        },
        "K50": {
          "n": 119,
          "mean": 0.495798,
          "frac_pos": 0.588235
        }
      },
      "m01_m22_on_5300": {
        "K5": {
          "n": 69,
          "mean": -0.130435,
          "frac_pos": 0.304348
        },
        "K10": {
          "n": 69,
          "mean": -0.115942,
          "frac_pos": 0.362319
        },
        "K20": {
          "n": 69,
          "mean": 0.014493,
          "frac_pos": 0.42029
        },
        "K50": {
          "n": 69,
          "mean": 0.311594,
          "frac_pos": 0.521739
        }
      },
      "m01_m22_basket_only": {
        "K5": {
          "n": 51,
          "mean": 0.715686,
          "frac_pos": 0.784314
        },
        "K10": {
          "n": 51,
          "mean": 0.784314,
          "frac_pos": 0.72549
        },
        "K20": {
          "n": 51,
          "mean": 0.794118,
          "frac_pos": 0.647059
        },
        "K50": {
          "n": 50,
          "mean": 0.75,
          "frac_pos": 0.68
        }
      }
    }
  },
  "note": "any_m01_m22_burst equals union of on_5300 and basket_only at same ts (disjoint split)."
}
