{
  "symbol_fwd": "VELVETFRUIT_EXTRACT",
  "TH": 2.0,
  "BURST_MIN": 4,
  "KS": [
    5,
    10,
    20,
    50
  ],
  "pooled": {
    "any_m01_m22_burst": {
      "K5": {
        "n": 291,
        "mean": 0.036082,
        "frac_pos": 0.439863
      },
      "K10": {
        "n": 291,
        "mean": 0.087629,
        "frac_pos": 0.474227
      },
      "K20": {
        "n": 291,
        "mean": 0.309278,
        "frac_pos": 0.47079
      },
      "K50": {
        "n": 290,
        "mean": 0.601724,
        "frac_pos": 0.527586
      }
    },
    "m01_m22_on_5300": {
      "K5": {
        "n": 131,
        "mean": -0.064885,
        "frac_pos": 0.442748
      },
      "K10": {
        "n": 131,
        "mean": -0.022901,
        "frac_pos": 0.465649
      },
      "K20": {
        "n": 131,
        "mean": 0.045802,
        "frac_pos": 0.442748
      },
      "K50": {
        "n": 131,
        "mean": 0.480916,
        "frac_pos": 0.526718
      }
    },
    "m01_m22_basket_only": {
      "K5": {
        "n": 160,
        "mean": 0.11875,
        "frac_pos": 0.4375
      },
      "K10": {
        "n": 160,
        "mean": 0.178125,
        "frac_pos": 0.48125
      },
      "K20": {
        "n": 160,
        "mean": 0.525,
        "frac_pos": 0.49375
      },
      "K50": {
        "n": 159,
        "mean": 0.701258,
        "frac_pos": 0.528302
      }
    }
  },
  "per_day": {
    "1": {
      "any_m01_m22_burst": {
        "K5": {
          "n": 84,
          "mean": -0.02381,
          "frac_pos": 0.416667
        },
        "K10": {
          "n": 84,
          "mean": 0.029762,
          "frac_pos": 0.440476
        },
        "K20": {
          "n": 84,
          "mean": -0.083333,
          "frac_pos": 0.452381
        },
        "K50": {
          "n": 84,
          "mean": -0.422619,
          "frac_pos": 0.5
        }
      },
      "m01_m22_on_5300": {
        "K5": {
          "n": 32,
          "mean": -0.28125,
          "frac_pos": 0.34375
        },
        "K10": {
          "n": 32,
          "mean": -0.546875,
          "frac_pos": 0.34375
        },
        "K20": {
          "n": 32,
          "mean": -1.671875,
          "frac_pos": 0.3125
        },
        "K50": {
          "n": 32,
          "mean": -2.34375,
          "frac_pos": 0.375
        }
      },
      "m01_m22_basket_only": {
        "K5": {
          "n": 52,
          "mean": 0.134615,
          "frac_pos": 0.461538
        },
        "K10": {
          "n": 52,
          "mean": 0.384615,
          "frac_pos": 0.5
        },
        "K20": {
          "n": 52,
          "mean": 0.894231,
          "frac_pos": 0.538462
        },
        "K50": {
          "n": 52,
          "mean": 0.759615,
          "frac_pos": 0.576923
        }
      }
    },
    "2": {
      "any_m01_m22_burst": {
        "K5": {
          "n": 87,
          "mean": -0.063218,
          "frac_pos": 0.413793
        },
        "K10": {
          "n": 87,
          "mean": -0.178161,
          "frac_pos": 0.436782
        },
        "K20": {
          "n": 87,
          "mean": 0.327586,
          "frac_pos": 0.482759
        },
        "K50": {
          "n": 87,
          "mean": 0.936782,
          "frac_pos": 0.505747
        }
      },
      "m01_m22_on_5300": {
        "K5": {
          "n": 30,
          "mean": 0.333333,
          "frac_pos": 0.5
        },
        "K10": {
          "n": 30,
          "mean": 0.166667,
          "frac_pos": 0.5
        },
        "K20": {
          "n": 30,
          "mean": 1.066667,
          "frac_pos": 0.566667
        },
        "K50": {
          "n": 30,
          "mean": 1.3,
          "frac_pos": 0.6
        }
      },
      "m01_m22_basket_only": {
        "K5": {
          "n": 57,
          "mean": -0.27193,
          "frac_pos": 0.368421
        },
        "K10": {
          "n": 57,
          "mean": -0.359649,
          "frac_pos": 0.403509
        },
        "K20": {
          "n": 57,
          "mean": -0.061404,
          "frac_pos": 0.438596
        },
        "K50": {
          "n": 57,
          "mean": 0.745614,
          "frac_pos": 0.45614
        }
      }
    },
    "3": {
      "any_m01_m22_burst": {
        "K5": {
          "n": 120,
          "mean": 0.15,
          "frac_pos": 0.475
        },
        "K10": {
          "n": 120,
          "mean": 0.320833,
          "frac_pos": 0.525
        },
        "K20": {
          "n": 120,
          "mean": 0.570833,
          "frac_pos": 0.475
        },
        "K50": {
          "n": 119,
          "mean": 1.079832,
          "frac_pos": 0.563025
        }
      },
      "m01_m22_on_5300": {
        "K5": {
          "n": 69,
          "mean": -0.137681,
          "frac_pos": 0.463768
        },
        "K10": {
          "n": 69,
          "mean": 0.137681,
          "frac_pos": 0.507246
        },
        "K20": {
          "n": 69,
          "mean": 0.398551,
          "frac_pos": 0.449275
        },
        "K50": {
          "n": 69,
          "mean": 1.434783,
          "frac_pos": 0.565217
        }
      },
      "m01_m22_basket_only": {
        "K5": {
          "n": 51,
          "mean": 0.539216,
          "frac_pos": 0.490196
        },
        "K10": {
          "n": 51,
          "mean": 0.568627,
          "frac_pos": 0.54902
        },
        "K20": {
          "n": 51,
          "mean": 0.803922,
          "frac_pos": 0.509804
        },
        "K50": {
          "n": 50,
          "mean": 0.59,
          "frac_pos": 0.56
        }
      }
    }
  },
  "note": "Timestamps are VEV_5300 price rows where joint tight + burst; extract fwd uses extract mid series (may differ row index from 5300 series at same wall ts)."
}
