day,mean_fwd_tight,mean_fwd_loose,welch_t,welch_p,n_tight,n_loose,corr_s5200_s5300,corr_s5200_m_ext,corr_s5300_m_ext,corr_s5200_s_ext,corr_s5300_s_ext,frac_tight
1,0.5992034757422158,-0.048319572043260844,5.324774200000131,1.1325992390512087e-07,1381,8599,0.23554876095090876,0.3881528430604708,0.32425072915844616,0.02250483444323423,0.0060261722591970455,0.13837675350701403
2,0.46409959467284306,-0.018114624984853993,4.238249348907661,2.3364087202802188e-05,1727,8253,0.26498871679113534,0.46578571053002166,0.40694226580332143,-0.0034976777252665537,-0.013769724410224147,0.17304609218436873
3,0.1879077859939104,-0.3950204384986994,6.781484217589801,1.2578558881780901e-11,4598,5382,0.1841126412863622,0.42512255286967515,0.3514453091587099,0.0048227702554734025,0.01802853907917324,0.46072144288577155
pooled,0.32351414482221647,-0.12103085364756679,7.935123655204991,2.268068162568603e-15,7706,22234,0.3071269744238464,0.4792880021737073,0.4215439281889263,0.008513938501790785,0.005460645261726032,0.25738142952571813
