aggressor,n,mean_fwd20,median_fwd20,t_fwd20_mean0,ci_fwd20_lo,ci_fwd20_hi,frac_pos
buy_aggr,1500,0.31033333333333335,0.5,1.9982595967788521,0.021916666666666678,0.6696000000000001,0.5186666666666667
sell_aggr,2776,-0.026476945244956772,0.0,-0.3127696466857825,-0.1829520893371758,0.16683627521613847,0.3022334293948127
