aggressor,n,mean_fwd20,frac_pos
buy_aggr,1500,0.31033333333333335,0.5186666666666667
sell_aggr,2776,-0.026476945244956772,0.3022334293948127
