aggressor,n,mean_fwd20,median_fwd20,t_fwd20_mean0,ci_fwd20_lo,ci_fwd20_hi,frac_pos
buy_aggr,1500,0.31033333333333335,0.5,1.9982595967788521,0.041791666666666664,0.5955416666666667,0.5186666666666667
sell_aggr,2776,-0.026476945244956772,0.0,-0.3127696466857825,-0.19652377521613834,0.13389769452449568,0.3022334293948127
