buyer,seller,n,mean_fwd20
Mark 14,Mark 55,316,-0.23734177215189872
Mark 38,Mark 14,712,-0.1896067415730337
Mark 14,Mark 22,80,-0.18125
Mark 01,Mark 55,260,0.0057692307692307696
Mark 55,Mark 01,244,0.006147540983606557
Mark 01,Mark 22,1339,0.008588498879761016
Mark 14,Mark 38,728,0.10233516483516483
Mark 55,Mark 14,331,0.5755287009063444
Mark 67,Mark 49,89,1.6348314606741574
Mark 67,Mark 22,75,2.026666666666667
