{
  "note": "Offline only (day 0, coarse timestamps). Lower alpha = smoother coeff path (smaller steps).",
  "alphas": [
    {
      "ewma_alpha": 0.02,
      "mean_coeff_step_l2": 0.0005130818388715441,
      "final_coeff": [
        0.10064008092445187,
        -0.007649613939620781,
        0.2374243006418153
      ]
    },
    {
      "ewma_alpha": 0.03,
      "mean_coeff_step_l2": 0.0006773369693323695,
      "final_coeff": [
        0.10578707884729725,
        -0.011081605506423304,
        0.23735119814742595
      ]
    },
    {
      "ewma_alpha": 0.04,
      "mean_coeff_step_l2": 0.0008161390012819295,
      "final_coeff": [
        0.10934341361346171,
        -0.013476372886984831,
        0.23738576167821537
      ]
    },
    {
      "ewma_alpha": 0.06,
      "mean_coeff_step_l2": 0.0010637548507101478,
      "final_coeff": [
        0.11383152008292904,
        -0.016364474791955987,
        0.23759231433920397
      ]
    }
  ]
}