{
  "dte": "8-csv_day at open, intraday wind per session",
  "subsample": 200,
  "median_call_gamma_by_voucher": {
    "VEV_4000": 1.7783840961598233e-05,
    "VEV_4500": 4.543115538735764e-05,
    "VEV_5000": 0.0007343382933478549,
    "VEV_5100": 0.0015507095393356464,
    "VEV_5200": 0.0022051692592742625,
    "VEV_5300": 0.0022128870090853798,
    "VEV_5400": 0.001635032627885932,
    "VEV_5500": 0.000882164989341267,
    "VEV_6000": 5.97496438733842e-05,
    "VEV_6500": 2.827169597555383e-05
  },
  "suggested_GAMMA_REF_from_tape_median_5200_5300": 0.002209028134179821
}