{
  "records": [
    {
      "day": 0,
      "corr_dU_dbump": 0.20747593052461316,
      "corr_dU_dsp510": 0.016122306274153713,
      "corr_dU_dsp520": 0.02070238568296067,
      "mean_dbump_shock": 0.00015332887216707074,
      "mean_dbump_calm": -6.798393276623126e-06,
      "n_shock": 412,
      "n_calm": 9587
    },
    {
      "day": 1,
      "corr_dU_dbump": 0.24028821142985074,
      "corr_dU_dsp510": 0.01164589070444413,
      "corr_dU_dsp520": 0.017557879259600062,
      "mean_dbump_shock": 7.54039060294566e-05,
      "mean_dbump_calm": -3.847034943239222e-06,
      "n_shock": 449,
      "n_calm": 9549
    },
    {
      "day": 2,
      "corr_dU_dbump": 0.29145022454183334,
      "corr_dU_dsp510": 0.038187017533729405,
      "corr_dU_dsp520": 0.018270669164928484,
      "mean_dbump_shock": -0.0003047128998386309,
      "mean_dbump_calm": 1.371486424896206e-05,
      "n_shock": 429,
      "n_calm": 9547
    }
  ]
}