{
  "thresholds": {
    "2": {
      "VEV_4000": {
        "n_shock": 3872,
        "mean_dsp_shock": -0.01084710743801653,
        "n_calm": 26125,
        "mean_dsp_calm": 0.0016842105263157896,
        "diff": -0.012531317964332319
      },
      "VEV_4500": {
        "n_shock": 3872,
        "mean_dsp_shock": -0.028409090909090908,
        "n_calm": 26125,
        "mean_dsp_calm": 0.004287081339712918,
        "diff": -0.03269617224880383
      },
      "VEV_5000": {
        "n_shock": 3872,
        "mean_dsp_shock": -0.012396694214876033,
        "n_calm": 26125,
        "mean_dsp_calm": 0.0019138755980861245,
        "diff": -0.014310569812962158
      },
      "VEV_5100": {
        "n_shock": 3872,
        "mean_dsp_shock": -0.00981404958677686,
        "n_calm": 26125,
        "mean_dsp_calm": 0.001492822966507177,
        "diff": -0.011306872553284037
      },
      "VEV_5200": {
        "n_shock": 3872,
        "mean_dsp_shock": 0.0074896694214876035,
        "n_calm": 26125,
        "mean_dsp_calm": -0.0011100478468899521,
        "diff": 0.008599717268377556
      },
      "VEV_5300": {
        "n_shock": 3872,
        "mean_dsp_shock": -0.0012913223140495868,
        "n_calm": 26125,
        "mean_dsp_calm": 0.00019138755980861245,
        "diff": -0.0014827098738581994
      },
      "VEV_5400": {
        "n_shock": 3872,
        "mean_dsp_shock": 0.0007747933884297521,
        "n_calm": 26125,
        "mean_dsp_calm": -0.00011483253588516746,
        "diff": 0.0008896259243149195
      },
      "VEV_5500": {
        "n_shock": 3872,
        "mean_dsp_shock": 0.005681818181818182,
        "n_calm": 26125,
        "mean_dsp_calm": -0.0008038277511961722,
        "diff": 0.006485645933014354
      }
    },
    "3": {
      "VEV_4000": {
        "n_shock": 579,
        "mean_dsp_shock": 0.04835924006908463,
        "n_calm": 29418,
        "mean_dsp_calm": -0.0008838126317220749,
        "diff": 0.04924305270080671
      },
      "VEV_4500": {
        "n_shock": 579,
        "mean_dsp_shock": 0.037996545768566495,
        "n_calm": 29418,
        "mean_dsp_calm": -0.0006798558705554422,
        "diff": 0.038676401639121935
      },
      "VEV_5000": {
        "n_shock": 579,
        "mean_dsp_shock": 0.024179620034542316,
        "n_calm": 29418,
        "mean_dsp_calm": -0.0004079135223332653,
        "diff": 0.024587533556875582
      },
      "VEV_5100": {
        "n_shock": 579,
        "mean_dsp_shock": -0.0069084628670120895,
        "n_calm": 29418,
        "mean_dsp_calm": 0.00016996396763886056,
        "diff": -0.00707842683465095
      },
      "VEV_5200": {
        "n_shock": 579,
        "mean_dsp_shock": 0.010362694300518135,
        "n_calm": 29418,
        "mean_dsp_calm": -0.00020395676116663266,
        "diff": 0.010566651061684768
      },
      "VEV_5300": {
        "n_shock": 579,
        "mean_dsp_shock": 0.0017271157167530224,
        "n_calm": 29418,
        "mean_dsp_calm": -3.399279352777211e-05,
        "diff": 0.0017611085102807946
      },
      "VEV_5400": {
        "n_shock": 579,
        "mean_dsp_shock": -0.0069084628670120895,
        "n_calm": 29418,
        "mean_dsp_calm": 0.00013597117411108845,
        "diff": -0.007044434041123178
      },
      "VEV_5500": {
        "n_shock": 579,
        "mean_dsp_shock": -0.017271157167530225,
        "n_calm": 29418,
        "mean_dsp_calm": 0.00037392072880549325,
        "diff": -0.01764507789633572
      }
    },
    "4": {
      "VEV_4000": {
        "n_shock": 60,
        "mean_dsp_shock": -0.03333333333333333,
        "n_calm": 29937,
        "mean_dsp_calm": 0.00013361392257073187,
        "diff": -0.033466947255904066
      },
      "VEV_4500": {
        "n_shock": 60,
        "mean_dsp_shock": -0.11666666666666667,
        "n_calm": 29937,
        "mean_dsp_calm": 0.0003006313257841467,
        "diff": -0.11696729799245081
      },
      "VEV_5000": {
        "n_shock": 60,
        "mean_dsp_shock": -0.016666666666666666,
        "n_calm": 29937,
        "mean_dsp_calm": 0.0001002104419280489,
        "diff": -0.016766877108594716
      },
      "VEV_5100": {
        "n_shock": 60,
        "mean_dsp_shock": -0.13333333333333333,
        "n_calm": 29937,
        "mean_dsp_calm": 0.0003006313257841467,
        "diff": -0.13363396465911748
      },
      "VEV_5200": {
        "n_shock": 60,
        "mean_dsp_shock": -0.06666666666666667,
        "n_calm": 29937,
        "mean_dsp_calm": 0.00013361392257073187,
        "diff": -0.0668002805892374
      },
      "VEV_5300": {
        "n_shock": 60,
        "mean_dsp_shock": -0.11666666666666667,
        "n_calm": 29937,
        "mean_dsp_calm": 0.00023382436449878078,
        "diff": -0.11690049103116545
      },
      "VEV_5400": {
        "n_shock": 60,
        "mean_dsp_shock": 0.0,
        "n_calm": 29937,
        "mean_dsp_calm": 0.0,
        "diff": 0
      },
      "VEV_5500": {
        "n_shock": 60,
        "mean_dsp_shock": 0.0,
        "n_calm": 29937,
        "mean_dsp_calm": 3.340348064268297e-05,
        "diff": -3.340348064268297e-05
      }
    },
    "5": {
      "VEV_4000": {
        "n_shock": 5,
        "mean_dsp_shock": 0.6,
        "n_calm": 29992,
        "mean_dsp_calm": -3.334222459322486e-05,
        "diff": 0.6000333422245933
      },
      "VEV_4500": {
        "n_shock": 5,
        "mean_dsp_shock": -0.2,
        "n_calm": 29992,
        "mean_dsp_calm": 0.00010002667377967459,
        "diff": -0.20010002667377969
      },
      "VEV_5000": {
        "n_shock": 5,
        "mean_dsp_shock": -0.4,
        "n_calm": 29992,
        "mean_dsp_calm": 0.00013336889837289943,
        "diff": -0.4001333688983729
      },
      "VEV_5100": {
        "n_shock": 5,
        "mean_dsp_shock": 0.2,
        "n_calm": 29992,
        "mean_dsp_calm": 0.0,
        "diff": 0.2
      },
      "VEV_5200": {
        "n_shock": 5,
        "mean_dsp_shock": -0.2,
        "n_calm": 29992,
        "mean_dsp_calm": 3.334222459322486e-05,
        "diff": -0.20003334222459324
      },
      "VEV_5300": {
        "n_shock": 5,
        "mean_dsp_shock": -0.4,
        "n_calm": 29992,
        "mean_dsp_calm": 6.668444918644971e-05,
        "diff": -0.40006668444918647
      },
      "VEV_5400": {
        "n_shock": 5,
        "mean_dsp_shock": -0.2,
        "n_calm": 29992,
        "mean_dsp_calm": 3.334222459322486e-05,
        "diff": -0.20003334222459324
      },
      "VEV_5500": {
        "n_shock": 5,
        "mean_dsp_shock": 0.0,
        "n_calm": 29992,
        "mean_dsp_calm": 3.334222459322486e-05,
        "diff": -3.334222459322486e-05
      }
    }
  }
}