{
  "VEV_5000": {
    "up": {
      "n": 652,
      "mean_dsp": 0.04294478527607362,
      "mean_abs": 0.3895705521472393
    },
    "down": {
      "n": 638,
      "mean_dsp": 0.0,
      "mean_abs": 0.42946708463949845
    }
  },
  "VEV_5100": {
    "up": {
      "n": 652,
      "mean_dsp": -0.003067484662576687,
      "mean_abs": 0.3987730061349693
    },
    "down": {
      "n": 638,
      "mean_dsp": -0.029780564263322883,
      "mean_abs": 0.45297805642633227
    }
  },
  "VEV_5200": {
    "up": {
      "n": 652,
      "mean_dsp": 0.05061349693251534,
      "mean_abs": 0.31441717791411045
    },
    "down": {
      "n": 638,
      "mean_dsp": -0.03605015673981191,
      "mean_abs": 0.28683385579937304
    }
  },
  "VEV_5300": {
    "up": {
      "n": 652,
      "mean_dsp": -0.003067484662576687,
      "mean_abs": 0.2392638036809816
    },
    "down": {
      "n": 638,
      "mean_dsp": -0.014106583072100314,
      "mean_abs": 0.274294670846395
    }
  }
}