csv_day,tte_days_open,n_ticks,bf_mid_mean,bf_mid_std,z_mean,z_p99,iv_bump_mean,iv_bump_std
0,8,10000,14.515,1.5825,0.0103,2.6195,0.003577,0.002583
1,7,10000,18.425,1.9703,0.0082,2.6173,-0.004551,0.002991
2,6,10000,17.9408,2.2737,-0.0544,2.6559,-0.006195,0.003982
