{
  "n_bursts": 293,
  "mean_fwd_ext_20_burst": 0.33447098976109213,
  "mean_fwd_ext_20_control": 0.11433447098976109,
  "n_control": 879
}