day,tape_decile,n,mean_fwd_mid_5
1,0,8,3.375
1,1,5,2.2
1,2,8,2.4375
1,3,6,1.3333333333333333
1,4,1,-0.5
1,5,7,1.5
1,6,5,2.9
1,7,2,4.25
1,8,10,1.15
1,9,6,2.9166666666666665
2,0,4,0.5
2,1,8,1.625
2,2,4,1.375
2,3,6,2.0
2,4,6,2.5833333333333335
2,5,3,2.1666666666666665
2,6,7,1.0714285714285714
2,7,9,2.111111111111111
2,8,5,1.0
2,9,9,2.3333333333333335
3,0,5,1.2
3,1,5,2.4
3,2,6,1.25
3,3,3,1.3333333333333333
3,4,4,0.0
3,5,3,4.5
3,6,4,0.875
3,7,8,2.5625
3,8,2,3.75
3,9,5,2.5
