day,mean,count
1,2.1982758620689653,58
2,1.7540983606557377,61
3,1.9333333333333333,45
