joint_tight,day,n,mean_fwd,median_fwd,frac_pos
True,1,38,-0.2631578947368421,0.0,0.15789473684210525
True,2,44,-0.3068181818181818,0.0,0.18181818181818182
True,3,78,-0.11538461538461539,0.0,0.3076923076923077
