tape_decile,n,mean_fwd_mid_5
0,17,2.0588235294117645
1,18,2.0
2,18,1.8055555555555556
3,15,1.6
4,11,1.3636363636363635
5,13,2.3461538461538463
6,16,1.59375
7,19,2.526315789473684
8,17,1.411764705882353
9,20,2.55
