subset,n,corr_s5200_s5300,corr_s5200_s_ext,corr_s5300_s_ext,corr_s5200_dm_ext,corr_s5300_dm_ext
all,30000,0.30759572531181095,0.008579133648986974,0.00538099178635405,0.004227551303973856,0.01057947560073498
joint_tight,7722,0.17170831867680342,-0.013629731073541663,0.011876135931926672,0.00023120482487581047,-0.015795137365875785
