day,n_tight,mean_fwd20_tight,n_loose,mean_fwd20_loose
1,1381,0.5992034757422158,8619,-0.058359438449936185
2,1727,0.46409959467284306,8273,-0.017345582013779764
3,4598,0.1879077859939104,5382,-0.3950204384986994
