lag_ticks,corr_signed_flow_ext_fwd20,n
0,0.1296035401738715,1381
1,0.025263014019446462,1378
2,0.08254400281753252,1375
3,0.056546407855481005,1372
5,-0.0007845469712863002,1366
