joint_tight,n,mean,std
True,132,-0.12121212121212122,1.6567249170711233
