spread_tight,n,mean,std
0,28723,-0.055895971869233715,4.244581077852827
1,1217,1.156532456861134,4.302207451192776
