joint_tight,n,mean
False,137,1.7664233576642336
True,27,2.0555555555555554
