{
  "TH": 2,
  "K": 20,
  "pooled_mean_fwd20_tight": 0.32351414482221647,
  "pooled_mean_fwd20_loose": -0.12447247912364191,
  "n_tight": 7706,
  "n_loose": 22274,
  "per_day": [
    {
      "day": 1,
      "n_tight": 1381,
      "mean_fwd20_tight": 0.5992034757422158,
      "n_loose": 8619,
      "mean_fwd20_loose": -0.058359438449936185
    },
    {
      "day": 2,
      "n_tight": 1727,
      "mean_fwd20_tight": 0.46409959467284306,
      "n_loose": 8273,
      "mean_fwd20_loose": -0.017345582013779764
    },
    {
      "day": 3,
      "n_tight": 4598,
      "mean_fwd20_tight": 0.1879077859939104,
      "n_loose": 5382,
      "mean_fwd20_loose": -0.3950204384986994
    }
  ]
}