product,mean_abs_fv_minus_mid
VELVETFRUIT_EXTRACT,0.272599609375
VEV_4000,0.2925316162109375
VEV_4500,0.2519571533203125
VEV_5000,0.18940855407714835
VEV_5100,0.15366358947753914
VEV_5200,0.22711867523193352
VEV_5300,0.17832508850097661
VEV_5400,0.13365573596954344
VEV_5500,0.1885328640937805
VEV_6000,0.4992301923036575
VEV_6500,0.5
