{
  "1": {
    "n": 58,
    "mean": 2.0344827586206895
  },
  "2": {
    "n": 61,
    "mean": 1.4508196721311475
  },
  "3": {
    "n": 45,
    "mean": 2.022222222222222
  }
}