{
  "method": "Per ts: S=VELVET mid; IV from bisection; knots from 5000-5500 medians like trader; misfit=mid-BS(PWL). T=t_years_effective(day,ts).",
  "by_day": {
    "0": {
      "VEV_5000": {
        "n": 10000,
        "misfit_median": -0.30436632358532734,
        "misfit_p10": -0.8112536321577863,
        "misfit_p90": 2.3799420887371525e-06,
        "abs_median": 0.30436632358532734,
        "spread_median": 6.0,
        "delta_median": 0.9176487823275554
      },
      "VEV_5100": {
        "n": 10000,
        "misfit_median": 0.3183812781423967,
        "misfit_p10": -0.0240589013292265,
        "misfit_p90": 0.7066619685629121,
        "abs_median": 0.3369089002326291,
        "spread_median": 4.0,
        "delta_median": 0.79467066909805
      },
      "VEV_5200": {
        "n": 10000,
        "misfit_median": -0.0004105832497316442,
        "misfit_p10": -0.9405031499704819,
        "misfit_p90": 0.00028112684458392323,
        "abs_median": 0.02897392123963982,
        "spread_median": 3.0,
        "delta_median": 0.6043167185162052
      },
      "VEV_5300": {
        "n": 10000,
        "misfit_median": -0.07351615173433856,
        "misfit_p10": -0.4454304419273285,
        "misfit_p90": 0.00038172754966581124,
        "abs_median": 0.10762785255315066,
        "spread_median": 2.0,
        "delta_median": 0.3867495002536385
      },
      "VEV_5400": {
        "n": 10000,
        "misfit_median": -2.5572218225472056,
        "misfit_p10": -3.608797624428007,
        "misfit_p90": -0.007548920786007329,
        "abs_median": 2.5572218225472056,
        "spread_median": 1.0,
        "delta_median": 0.20297844902229073
      },
      "VEV_5500": {
        "n": 10000,
        "misfit_median": 0.7774010867198626,
        "misfit_p10": 0.2967461776114533,
        "misfit_p90": 1.2803880939432588,
        "abs_median": 0.7774010867198626,
        "spread_median": 1.0,
        "delta_median": 0.08651363681072016
      }
    },
    "1": {
      "VEV_5000": {
        "n": 10000,
        "misfit_median": -3.849325821647653e-06,
        "misfit_p10": -0.24357075706211617,
        "misfit_p90": 2.231525650131516e-05,
        "abs_median": 3.3340304526063846e-05,
        "spread_median": 6.0,
        "delta_median": 0.9355864484836459
      },
      "VEV_5100": {
        "n": 10000,
        "misfit_median": -0.844953535491868,
        "misfit_p10": -1.6545304783185202,
        "misfit_p90": -0.30072187707264675,
        "abs_median": 0.844953535491868,
        "spread_median": 4.0,
        "delta_median": 0.8154769332740665
      },
      "VEV_5200": {
        "n": 10000,
        "misfit_median": 4.71060504878551e-05,
        "misfit_p10": -8.650677045807242e-07,
        "misfit_p90": 0.45053441908748937,
        "abs_median": 0.0001171243434328062,
        "spread_median": 3.0,
        "delta_median": 0.6189165290144394
      },
      "VEV_5300": {
        "n": 10000,
        "misfit_median": 0.521963214876564,
        "misfit_p10": -8.492952474625781e-07,
        "misfit_p90": 1.4583058813893786,
        "abs_median": 0.5344938120014149,
        "spread_median": 2.0,
        "delta_median": 0.38975695019093326
      },
      "VEV_5400": {
        "n": 10000,
        "misfit_median": -3.137291382819228,
        "misfit_p10": -4.275255685451839,
        "misfit_p90": -2.1788002041375876,
        "abs_median": 3.137291382819228,
        "spread_median": 1.0,
        "delta_median": 0.1996597760855707
      },
      "VEV_5500": {
        "n": 10000,
        "misfit_median": 0.1519496537003704,
        "misfit_p10": -8.043775324040325e-05,
        "misfit_p90": 1.0654555253477156,
        "abs_median": 0.1519496537003704,
        "spread_median": 1.0,
        "delta_median": 0.08104808943411312
      }
    },
    "2": {
      "VEV_5000": {
        "n": 10000,
        "misfit_median": -7.614376045239624e-07,
        "misfit_p10": -0.09523871879446233,
        "misfit_p90": 1.4766515050723683e-05,
        "abs_median": 8.89294597072876e-06,
        "spread_median": 6.0,
        "delta_median": 0.9542174198718576
      },
      "VEV_5100": {
        "n": 10000,
        "misfit_median": -0.9583398566169308,
        "misfit_p10": -1.9195369839553678,
        "misfit_p90": -0.35944805999770324,
        "abs_median": 0.9583398566169308,
        "spread_median": 4.0,
        "delta_median": 0.8468277767747812
      },
      "VEV_5200": {
        "n": 10000,
        "misfit_median": 1.7947194464795757e-05,
        "misfit_p10": -0.00029099857647452154,
        "misfit_p90": 0.00046955802599768504,
        "abs_median": 5.1224530125182355e-05,
        "spread_median": 3.0,
        "delta_median": 0.6479788897232621
      },
      "VEV_5300": {
        "n": 10000,
        "misfit_median": 0.6401736627009313,
        "misfit_p10": 0.18726349995495184,
        "misfit_p90": 1.1359878113696595,
        "abs_median": 0.6401736627009313,
        "spread_median": 2.0,
        "delta_median": 0.4008355334373802
      },
      "VEV_5400": {
        "n": 10000,
        "misfit_median": -2.889149536152104,
        "misfit_p10": -3.887868022239445,
        "misfit_p90": -1.9094019754458031,
        "abs_median": 2.889149536152104,
        "spread_median": 1.0,
        "delta_median": 0.19422314640910454
      },
      "VEV_5500": {
        "n": 10000,
        "misfit_median": 0.3229998640673557,
        "misfit_p10": -3.626362854447507e-07,
        "misfit_p90": 0.8796349026954999,
        "abs_median": 0.3229998640673557,
        "spread_median": 1.0,
        "delta_median": 0.07005367430017644
      }
    }
  }
}