{
  "method": "IV from mid (bisect, r=0); T=t_years_effective; vega/theta from _r3v_smile_core for VEV_5000 vs VELVETFRUIT_EXTRACT mid.",
  "stats": {
    "by_day": {
      "0": {
        "n": 10000,
        "vega_median": 111.27241411810255,
        "vega_p10_p90": [
          92.31938471589844,
          131.14051595510676
        ],
        "theta_median": -668.2523823897429,
        "theta_p10_p90": [
          -749.0274942134953,
          -561.402072930982
        ]
      },
      "1": {
        "n": 9999,
        "vega_median": 86.60159346790476,
        "vega_p10_p90": [
          65.06071464371827,
          107.27948065199573
        ],
        "theta_median": -592.4247316429464,
        "theta_p10_p90": [
          -731.5673152731015,
          -461.7169616999421
        ]
      },
      "2": {
        "n": 9977,
        "vega_median": 63.188754273599166,
        "vega_p10_p90": [
          45.56722989908257,
          80.57328758310395
        ],
        "theta_median": -491.83513130157615,
        "theta_p10_p90": [
          -671.7989441230208,
          -363.6219131967602
        ]
      }
    }
  }
}