horizon_K,n_burst_ts,n_control_ts,mean_burst,mean_control
5,314,314,-0.0015923566878980893,0.012738853503184714
20,314,314,0.2627388535031847,0.03662420382165605
100,311,311,0.13183279742765272,-0.6688102893890675
