sonic_tight,n,mean_fwd20_same_sym,frac_pos
True,27,2.0555555555555554,0.5925925925925926
False,138,1.8043478260869565,0.6594202898550725
