wing,lag_wing_lead_extract,corr_ext_dmid_wing_dmid
VEV_5300,-5,0.003001044783077357
VEV_5300,-4,0.008161970126361889
VEV_5300,-3,-0.004548914185551498
VEV_5300,-2,-0.009877466858332394
VEV_5300,-1,-0.0076723941759235205
VEV_5300,0,0.6200516246951238
VEV_5300,1,-0.0037216389885270334
VEV_5300,2,-0.016401061158417246
VEV_5300,3,0.007962303044581481
VEV_5300,4,0.0031845223816992126
VEV_5300,5,-0.00960232471046605
