sonic_tight,n,mean_fwd20
True,86,0.4418604651162791
False,245,0.6224489795918368
