high_wing_skew_proxy,n,mean_fwd20_same_sym
True,465,-0.008602150537634409
False,874,0.017734553775743706
