{
  "n": 29976,
  "frac_low_pair_spread1": 0.003502802241793435,
  "frac_high_pair_spread1": 0.6749399519615693,
  "frac_high_any_spread1": 0.9955964771817454
}