{
  "per_product": {
    "VEV_5000": {
      "median_theta_rel": 0.0063537159898176725,
      "p90": 0.008450811285418514,
      "p95": 0.00882172449254654,
      "n": 600
    },
    "VEV_5100": {
      "median_theta_rel": 0.02024930435023649,
      "p90": 0.02391150975692241,
      "p95": 0.02531128512821254,
      "n": 600
    },
    "VEV_5200": {
      "median_theta_rel": 0.05101281982289364,
      "p90": 0.06447852569129817,
      "p95": 0.06807306216319378,
      "n": 600
    },
    "VEV_5300": {
      "median_theta_rel": 0.1070452716581752,
      "p90": 0.14062271452989494,
      "p95": 0.14687534784540066,
      "n": 600
    },
    "VEV_5400": {
      "median_theta_rel": 0.20565280496960855,
      "p90": 0.27861069034957503,
      "p95": 0.29056137877347643,
      "n": 600
    },
    "VEV_5500": {
      "median_theta_rel": 0.3126228807718895,
      "p90": 0.422959254878152,
      "p95": 0.442930144551008,
      "n": 600
    },
    "VEV_6000": {
      "median_theta_rel": 0.6936154732584238,
      "p90": 0.8469295385621098,
      "p95": 0.8729519080953354,
      "n": 600
    },
    "VEV_6500": {
      "median_theta_rel": 0.7536182602695434,
      "p90": 0.9213453128338602,
      "p95": 0.9488906080768147,
      "n": 600
    },
    "VEV_4500": {
      "median_theta_rel": 0.0004845517774380024,
      "p90": 0.0012172131735982072,
      "p95": 0.0018234431109271497,
      "n": 156
    },
    "VEV_4000": {
      "median_theta_rel": 0.0003777622881909256,
      "p90": 0.0018103336951097036,
      "p95": 0.0020460674907200804,
      "n": 61
    }
  },
  "pooled": {
    "median": 0.12727613589811465,
    "p90": 0.7506010631868478,
    "p95": 0.8361857903870916
  }
}