U,role,product,k,n,mean_dv,std_dv,t
Mark 67,aggr_buyer,VELVETFRUIT_EXTRACT,5,164,1.9603658536585367,1.9273497777890347,13.025623326344338
Mark 67,aggr_buyer,VELVETFRUIT_EXTRACT,20,164,1.8140243902439024,3.964240265528447,5.860100681317659
Mark 22,aggr_seller,VEV_5300,5,160,-0.203125,0.7756046028744287,-3.312706744344566
Mark 55,aggr_seller,VELVETFRUIT_EXTRACT,100,595,-0.9184873949579831,8.945382029909961,-2.504567788249764
Mark 55,aggr_buyer,VELVETFRUIT_EXTRACT,20,598,0.4088628762541806,4.033420481655193,2.478875825447288
Mark 55,aggr_buyer,VELVETFRUIT_EXTRACT,5,598,0.19899665551839466,2.166178039732952,2.246478262817042
Mark 22,aggr_seller,VEV_5500,5,306,-0.026143790849673203,0.23809937086003188,-1.9207508139484646
Mark 67,aggr_buyer,VELVETFRUIT_EXTRACT,100,163,1.3711656441717792,9.341859359207215,1.8739172132769575
Mark 22,aggr_seller,VEV_5200,5,44,-0.22727272727272727,1.0026392233810508,-1.5035884171827123
