participant,role,tight,n,m5,m20
Mark 55,aggr_sell,False,442,-0.0022624434389140274,-0.21266968325791855
Mark 55,aggr_buy,False,436,0.2763761467889908,0.4713302752293578
Mark 55,aggr_buy,True,162,-0.009259259259259259,0.24074074074074073
Mark 55,aggr_sell,True,158,0.20253164556962025,0.1930379746835443
Mark 67,aggr_buy,False,137,1.9963503649635037,1.7664233576642336
Mark 67,aggr_buy,True,27,1.7777777777777777,2.0555555555555554
