scope,mark55_aggressive_touch,n,m5,m20
pooled,False,152,1.825657894736842,1.667763157894737
pooled,True,878,0.13610478359908884,0.12699316628701596
