day,mark55_aggressive_touch,n,m5,m20
1,False,59,2.2711864406779663,2.110169491525424
1,True,334,0.1721556886227545,0.33083832335329344
2,False,59,1.4067796610169492,1.3728813559322033
2,True,331,0.08459214501510574,0.0015105740181268882
3,False,34,1.7794117647058822,1.411764705882353
3,True,213,0.1596244131455399,0.002347417840375587
