day,tight,n,mean_fwd1,std_fwd1
1,True,1381,0.027878349022447502,1.133219309128476
1,False,8618,-0.002088651659317707,1.1351445457029254
2,True,1727,0.008106543138390272,1.120463431578243
2,False,8272,0.0016924564796905223,1.1418271985820574
3,True,4613,0.011055712117927595,1.1267692225534705
3,False,5386,-0.021258819160787226,1.1504967128173575
