scope,bucket,n,m5,m20
pooled,m55_aggr_buy,436,0.2763761467889908,0.4713302752293578
pooled,m55_aggr_sell,442,-0.0022624434389140274,-0.21266968325791855
pooled,other_loose,152,1.825657894736842,1.667763157894737
