day,tier,n,mean_fwd20,med_fwd20
1,core,1381,0.5992034757422158,1.0
1,loose,305,-1.478688524590164,-1.5
1,wing_only,8294,0.004280202556064625,0.0
2,core,1727,0.46409959467284306,0.5
2,loose,430,-0.686046511627907,-1.0
2,wing_only,7823,0.018599002940048574,0.0
3,core,4598,0.1879077859939104,0.0
3,loose,80,-2.19375,-2.5
3,wing_only,5302,-0.36788004526593737,0.0
