day,bucket,n,m5,m20
1,m55_aggr_buy,161,0.11490683229813664,0.5186335403726708
1,m55_aggr_sell,173,0.2254335260115607,0.15606936416184972
1,other_loose,59,2.2711864406779663,2.110169491525424
2,m55_aggr_buy,174,0.3275862068965517,0.39080459770114945
2,m55_aggr_sell,157,-0.18471337579617833,-0.4299363057324841
2,other_loose,59,1.4067796610169492,1.3728813559322033
3,m55_aggr_buy,101,0.44554455445544555,0.5346534653465347
3,m55_aggr_sell,112,-0.09821428571428571,-0.47767857142857145
3,other_loose,34,1.7794117647058822,1.411764705882353
