pair,tight,n,m5,m20
Mark 14->Mark 38,False,370,0.1837837837837838,0.4702702702702703
Mark 14->Mark 38,True,126,-0.25793650793650796,-0.4603174603174603
Mark 38->Mark 14,False,378,-0.19576719576719576,-0.5066137566137566
Mark 38->Mark 14,True,129,-0.10077519379844961,0.09689922480620156
