product,tight,n,m5,m20
VEV_6000,True,316,0.015822784810126583,0.27531645569620256
VEV_6500,True,316,0.015822784810126583,0.27531645569620256
VEV_5500,True,298,0.02348993288590604,0.31208053691275167
VEV_5400,True,263,0.015209125475285171,0.38593155893536124
VEV_5300,True,132,-0.07575757575757576,0.041666666666666664
VEV_5200,True,11,0.045454545454545456,1.8636363636363635
VEV_5500,False,1,-0.5,2.0
VEV_6000,False,1,-0.5,2.0
VEV_6500,False,1,-0.5,2.0
