holdout,n,m5,m20
none_full_sample,1336,0.008607784431137725,0.29528443113772457
day_1,943,0.016967126193001062,0.4984093319194062
day_2,946,0.057610993657505286,0.26955602536997886
day_3,783,-0.06066411238825032,0.08173690932311622
