{
  "Mark55_aggr_buy_tight_fwd5": {
    "n": 162,
    "mean": -0.009259259259259259
  },
  "Mark55_aggr_buy_tight_fwd20": {
    "n": 162,
    "mean": 0.24074074074074073
  },
  "Mark55_aggr_buy_loose_fwd5": {
    "n": 436,
    "mean": 0.2763761467889908
  },
  "Mark55_aggr_buy_loose_fwd20": {
    "n": 436,
    "mean": 0.4713302752293578
  },
  "Mark55_aggr_sell_tight_fwd5": {
    "n": 158,
    "mean": 0.20253164556962025
  },
  "Mark55_aggr_sell_tight_fwd20": {
    "n": 158,
    "mean": 0.1930379746835443
  },
  "Mark55_aggr_sell_loose_fwd5": {
    "n": 442,
    "mean": -0.0022624434389140274
  },
  "Mark55_aggr_sell_loose_fwd20": {
    "n": 442,
    "mean": -0.21266968325791855
  },
  "Mark55_aggr_buy_tight_by_day_csv": "manual_traders/R4/r3v_velvet_beta_hedge_02/outputs/r4_mark55_aggr_buy_tight_by_day.csv"
}