tight,is_vev,n,m5,m20
False,True,3,-0.5,2.0
True,True,1336,0.008607784431137725,0.29528443113772457
