day,n,m5,m20
1,393,-0.011450381679389313,-0.1921119592875318
2,390,-0.11025641025641025,0.3576923076923077
3,553,0.10669077757685352,0.5976491862567812
