day,fwd_5,fwd_5,fwd_20,fwd_20
,count,mean,count,mean
1,25,-0.18,25,0.88
2,44,-0.19318181818181818,44,0.14772727272727273
3,93,0.12365591397849462,93,0.11290322580645161
