day,n_extract_loose_trades,n_m55_aggr_touch,share
1,393,334,0.8498727735368957
2,390,331,0.8487179487179487
3,247,213,0.8623481781376519
