product,corr_dspread_absfwd5,n
VELVETFRUIT_EXTRACT,-0.0527811137555912,29982
VEV_5300,0.0028780414158593773,29982
VEV_5200,-0.010058185959227132,29982
HYDROGEL_PACK,-0.05571008212110666,29982
