day,n,p_tight,mean_fwd_ext_k20_tight,mean_fwd_ext_k20_loose,n_tight_fwd,n_loose_fwd,corr_s5200_s5300,corr_s5200_s_ext,corr_s5300_s_ext,corr_s5200_dmid5200,corr_s5300_dmid5300
1,10000,0.1381,0.5992034757422158,-0.048319572043260844,1381,8599,0.23541333197197103,0.0226400286657829,0.006213809338129235,0.0466011264899146,0.03994796049817888
2,10000,0.1727,0.46409959467284306,-0.018114624984853993,1727,8253,0.26555551935696986,-0.0032321744096955683,-0.01458498266903847,0.05868512678913757,0.029051874556235303
3,10000,0.4614,0.1879077859939104,-0.3950204384986994,4598,5382,0.1839923411147627,0.004663721973669709,0.018317039574920976,0.013527831602707367,0.008846178368274081
