spr_q,count,mean,std
tight_le2,162,-0.19135802469135801,0.7784676029934448
mid3_5,1,-0.5,
