day,tight,n,m5,m20
1,True,32,-0.28125,-0.703125
2,True,31,-0.04838709677419355,0.1774193548387097
3,True,69,-0.13043478260869565,0.014492753623188406
