tight,count,mean,std,min,25%,50%,75%,max
True,160.0,-0.203125,0.7756046028744286,-3.0,-0.5,0.0,0.0,1.5
