day,n,p_core,p_wing_only,p_loose
pooled,30000,0.2574,0.7151333333333333,0.027466666666666667
