th,n_ts,p_joint,n_joint,mean_ext_fwd20_when_joint
1,30000,0.0061,183,0.49453551912568305
2,30000,0.2574,7722,0.32351414482221647
3,30000,0.9725333333333334,29176,0.024841201716738197
