day,th,n_ts,p_joint,n_joint,mean_ext_fwd20_when_joint
1,1,10000,0.0062,62,0.5967741935483871
2,1,10000,0.0053,53,0.16037735849056603
3,1,10000,0.0068,68,0.6617647058823529
1,2,10000,0.1381,1381,0.5992034757422158
2,2,10000,0.1727,1727,0.46409959467284306
3,2,10000,0.4614,4614,0.1879077859939104
1,3,10000,0.9695,9695,0.08919896640826873
2,3,10000,0.9561,9561,0.09916230366492147
3,3,10000,0.992,9920,-0.10974747474747475
