k,corr_fwd_extract_fwd_5300,n
5,0.8621869807111756,15
20,0.9778635598745001,15
100,0.9820243123807134,15
