joint_tight_print,n,mean,med
False,77,1.7207792207792207,1.5
True,12,1.0833333333333333,0.75
