joint_tight_print,n,mean,med
False,137,1.7664233576642336,1.5
True,27,2.0555555555555554,2.0
