tape_day,n_rows,p_tight,mean_fwd_tight,mean_fwd_not_tight,welch_t,welch_p,n_tight,n_loose
1,9980,0.13837675350701403,0.5992034757422158,-0.048319572043260844,5.324774200000131,1.1325992390512087e-07,1381,8599
2,9980,0.17304609218436873,0.46409959467284306,-0.018114624984853993,4.238249348907661,2.3364087202802188e-05,1727,8253
3,9980,0.46072144288577155,0.1879077859939104,-0.3950204384986994,6.781484217589801,1.2578558881780901e-11,4598,5382
