tape_day,subset,corr_s5200_s5300,corr_s5200_s_ext,corr_s5300_s_ext,corr_s5200_m_ext,corr_s5300_m_ext,n
1,all,0.23554876095090876,0.02250483444323423,0.0060261722591970455,0.3881528430604708,0.32425072915844616,9980
1,tight_only,0.5112567060888807,-0.02471140975837362,0.005790335278168247,-0.21542770957013177,-0.04376553117161115,1381
1,not_tight_only,0.02328204173551378,0.008790177516479645,0.00012167433819621539,0.2487321589897041,0.30989853305390647,8599
2,all,0.26498871679113534,-0.0034976777252665537,-0.013769724410224147,0.46578571053002166,0.40694226580332143,9980
2,tight_only,0.2662174111751214,-0.020318921578847744,-0.020543805652957856,-0.2622968080632309,0.09425418088126385,1727
2,not_tight_only,0.07595198643012224,0.003286738124594875,-0.011878854298763085,0.25632904396150535,0.38712439885010486,8253
3,all,0.1841126412863622,0.0048227702554734025,0.01802853907917324,0.42512255286967515,0.3514453091587099,9980
3,tight_only,0.09664380536445874,-0.007101151023242631,0.024942382668259357,-0.05824300595226848,0.23296670365975666,4598
3,not_tight_only,0.14269723728038647,0.0008646554210384542,0.010261600309117403,0.2974878228674688,0.39358460312152044,5382
