,,mean,median,count
,,fwd_vev5300,fwd_vev5300,fwd_vev5300
tape_day,k,,,
1,5,-0.125,0.0,4
1,20,0.5,0.25,4
1,100,2.375,2.75,4
2,5,0.8333333333333334,1.0,3
2,20,0.5,1.0,3
2,100,1.3333333333333333,1.5,3
3,5,0.0625,0.0,8
3,20,0.125,0.75,8
3,100,-0.6875,-0.75,8
