{
  "burst_fwd_ex_5": {
    "n": 1470.0,
    "mean": 0.0017006802721088435,
    "median": 0.0
  },
  "burst_fwd_ex_20": {
    "n": 1470.0,
    "mean": 0.32142857142857145,
    "median": 0.0
  },
  "burst_fwd_ex_100": {
    "n": 1470.0,
    "mean": 0.6017006802721089,
    "median": 1.0
  },
  "control_fwd_ex_5": {
    "n": 2673.0,
    "mean": 0.1309390198279087,
    "median": 0.0
  },
  "control_fwd_ex_20": {
    "n": 2673.0,
    "mean": 0.08080808080808081,
    "median": 0.0
  },
  "control_fwd_ex_100": {
    "n": 2673.0,
    "mean": -0.19229330340441453,
    "median": -0.5
  }
}