day,n,mean_fwd20,median_fwd20
1,95,-0.20526315789473684,-1.0
2,95,0.3263157894736842,0.0
3,124,0.5725806451612904,0.0
