day,joint_tight,n,mean
1,False,320,0.2203125
1,True,50,1.6
2,False,243,-0.21604938271604937
2,True,60,-0.9
3,False,185,-0.1918918918918919
3,True,145,-0.49310344827586206
