day,joint_tight,n,mean,median
1,False,334,0.33083832335329344,0.0
1,True,50,0.71,1.0
2,False,331,0.0015105740181268882,0.0
2,True,80,-0.38125,-0.75
3,False,213,0.002347417840375587,0.0
3,True,190,0.3394736842105263,0.0
