day,gate,n,mean_fwd20,median_fwd20
1,tight,25,0.88,3.0
1,wide,161,0.5186335403726708,0.5
2,tight,44,0.14772727272727273,0.0
2,wide,174,0.39080459770114945,0.5
3,tight,93,0.11290322580645161,0.0
3,wide,101,0.5346534653465347,0.5
