day,gate,n,mean_fwd20,median_fwd20
1,tight,5,1.2,0.0
1,wide,53,2.1132075471698113,2.0
2,tight,7,2.142857142857143,2.0
2,wide,54,1.3611111111111112,1.0
3,tight,15,2.3,2.0
3,wide,30,1.8833333333333333,1.25
