day,n_tight,mean_fwd_tight,mean_fwd_loose,P_joint_tight
1,1381,0.5992034757422158,-0.048319572043260844,0.1381
2,1727,0.46409959467284306,-0.018114624984853993,0.1727
3,4598,0.1879077859939104,-0.3950204384986994,0.4614
