day,corr_s5200_s5300
1,0.23541333197197103
2,0.26555551935696986
3,0.1839923411147627
