day,joint_tight,n,mean,median
1,True,393,-0.1921119592875318,-1.0
2,True,390,0.3576923076923077,0.0
3,False,3,2.0,2.0
3,True,553,0.5976491862567812,0.0
