day,corr_s_ext_abs_d_ext
1,-0.22487741626948488
2,-0.2029216922507576
3,-0.22016561195052456
