K,ts_density,forward_on,n,mean,median,tstat_vs0,pvalue_vs0
5,burst_ge3,VELVETFRUIT_EXTRACT_mid,14,0.32142857142857145,-0.25,0.7350354176239547,0.4753697716518138
5,isolated,VELVETFRUIT_EXTRACT_mid,1299,0.3144726712856043,0.0,4.999798956199596,6.524174689227075e-07
5,pair_n2,VELVETFRUIT_EXTRACT_mid,68,0.75,1.0,2.9612553692391566,0.004235089085814113
20,burst_ge3,VELVETFRUIT_EXTRACT_mid,14,0.21428571428571427,0.25,0.23575824003302182,0.817293745410806
20,isolated,VELVETFRUIT_EXTRACT_mid,1299,0.2821401077752117,0.0,2.444765495556752,0.014626872594599499
20,pair_n2,VELVETFRUIT_EXTRACT_mid,68,1.4044117647058822,1.5,2.7386377176843495,0.007896170925439212
100,burst_ge3,VELVETFRUIT_EXTRACT_mid,14,2.75,3.0,1.4160795773944874,0.1802641832010008
100,isolated,VELVETFRUIT_EXTRACT_mid,1299,-0.029638183217859892,-0.5,-0.11734670833290584,0.9066034672476423
100,pair_n2,VELVETFRUIT_EXTRACT_mid,68,0.3235294117647059,-0.5,0.2665628573172529,0.790624443114682
