{
  "0": null,
  "1": -0.03169069891504583,
  "2": -0.019582303706763636,
  "5": 0.03090045089877599,
  "10": 0.01876804000067077
}