day,n_u_prints,n_m22_seller,n_m22_buyer,frac_m22_seller,frac_m22_buyer
1,450,40,10,0.08888888888888889,0.022222222222222223
2,477,37,9,0.07756813417190776,0.018867924528301886
3,454,24,6,0.05286343612334802,0.013215859030837005
