day,mean_tight,mean_loose,n_tight,n_loose
1,0.5992034757422158,-0.048319572043260844,1381,8599
2,0.46409959467284306,-0.018114624984853993,1727,8253
3,0.1879077859939104,-0.3950204384986994,4598,5382
