session,count,mean,median
early,459,0.08823529411764706,-0.5
late,448,0.39955357142857145,0.0
mid,512,0.3740234375,0.0
