burst,tight_gate,n,mean_mark_20_u
burst,tight_gate,1389,0.33801295896328293
no_burst,tight_gate,769,0.43107932379713915
no_burst,loose_gate,2115,-0.026713947990543736
