day,corr_s5200_s5300,corr_s5200_s_u,corr_s5300_s_u,corr_s5200_m_u,corr_s5300_m_u,corr_s5200_s_h,corr_s5300_s_h,corr_s_u_s_h,n
1,0.23541333197197103,0.0226400286657829,0.006213809338129235,0.3881600550607635,0.3247393339884141,-0.0008128446710043068,-0.009333617902179849,0.009787340595269605,10000
2,0.26555551935696986,-0.0032321744096955683,-0.01458498266903847,0.4678134040335108,0.40687633347312097,-0.006512501325925816,-0.008072900168740306,0.02020090447990782,10000
3,0.1839923411147627,0.004663721973669709,0.018317039574920976,0.4250287058514157,0.35104851292484845,0.0033177115683160996,0.004047742979300474,-0.006603921626693127,10000
