lag,corr_dHydro_dUlag,n
0,0.0012704957539941123,29997
1,0.001152279090614419,29994
2,0.00018941072929739167,29991
3,-0.005852008130847818,29988
4,-0.006453656201658549,29985
5,-0.009709018813417772,29982
6,0.006347057984622507,29979
7,0.0009330216880271668,29976
8,-0.008071425835201687,29973
9,0.004962935658222662,29970
10,-0.006410001160413435,29967
