buyer,seller,slice,n,n_u20,mean_u20,median_u20,frac_pos_u20,mean_sym20,median_sym20
Mark 01,Mark 22,passive_buyer_on_aggr_sell,1339,1339,0.29910380881254667,0.0,0.46676624346527257,0.008588498879761016,0.0
Mark 14,Mark 38,passive_buyer_on_aggr_sell,728,728,-0.14972527472527472,-0.5,0.43956043956043955,0.10233516483516483,0.0
Mark 38,Mark 14,passive_seller_on_aggr_buy,714,712,-0.059691011235955056,0.0,0.44803370786516855,-0.1896067415730337,0.0
Mark 55,Mark 01,passive_seller_on_aggr_buy,244,244,0.006147540983606557,0.0,0.47540983606557374,0.006147540983606557,0.0
Mark 01,Mark 55,passive_buyer_on_aggr_sell,260,260,0.0057692307692307696,-0.5,0.45384615384615384,0.0057692307692307696,-0.5
