day,gate,n,mean_mark_20_u,median_mark_20_u
1,tight,32,-1.671875,-2.0
2,tight,31,1.0161290322580645,1.0
3,tight,69,0.39855072463768115,0.0
