{
  "n_01_22": 132,
  "median_iv_01_22": 0.2456437564229127,
  "n_other": 32,
  "median_iv_other": 0.24662558202673682
}