day,K,mean_tight,mean_loose,n_tight,n_loose
1,5,0.1611151339608979,-0.01335035987926631,1381,8614
1,20,0.5992034757422158,-0.048319572043260844,1381,8599
1,100,2.788768115942029,-0.2681924882629108,1380,8520
2,5,0.12101910828025478,-0.006894049346879536,1727,8268
2,20,0.46409959467284306,-0.018114624984853993,1727,8253
2,100,1.8311123986095017,-0.13873256667482262,1726,8174
3,5,0.03297180043383948,-0.08774373259052924,4610,5385
3,20,0.1879077859939104,-0.3950204384986994,4598,5382
3,100,0.7552770448548812,-1.76504110612855,4548,5352
