side,name,n_sym,mean_mark20_sym,ci95_lo_sym,ci95_hi_sym,n_u,mean_mark20_u,ci95_lo_u,ci95_hi_u
aggressive_buy,Mark 38,731,-0.1354309165526676,-0.6758036935704514,0.39680232558139567,731,-0.07455540355677155,-0.36869015047879616,0.22918946648426833
aggressive_buy,Mark 55,598,0.4088628762541806,0.09362458193979933,0.7257943143812711,598,0.4088628762541806,0.0986413043478261,0.7366429765886289
aggressive_buy,Mark 67,164,1.8140243902439024,1.204268292682927,2.4115853658536586,164,1.8140243902439024,1.2164634146341464,2.429954268292683
aggressive_sell,Mark 22,1430,-0.025874125874125874,-0.07832167832167833,0.02727272727272727,1430,0.2636363636363636,0.022010489510489516,0.4968706293706294
aggressive_sell,Mark 38,745,0.038926174496644296,-0.5013758389261744,0.583255033557047,745,-0.0912751677852349,-0.3986744966442953,0.24229865771812087
aggressive_sell,Mark 55,600,-0.10583333333333333,-0.44418749999999996,0.235,600,-0.10583333333333333,-0.4392083333333333,0.23416666666666666
