in_burst,mean,count
False,-0.013333333333333334,75
True,0.01804123711340206,1358
