day,n_burst,mean_U_fwd20_burst
1,84,-0.08333333333333333
2,87,0.3275862068965517
3,122,0.6270491803278688
