role,name,burst,n,n_u20,mean_u20,mean_sym20
aggr_buy,Mark 67,non_burst,162,162,1.8209876543209877,1.8209876543209877
aggr_buy,Mark 55,non_burst,591,591,0.4027072758037225,0.4027072758037225
aggr_buy,Mark 38,burst,18,18,0.75,1.3611111111111112
aggr_buy,Mark 38,non_burst,715,713,-0.09537166900420757,-0.17321178120617112
aggr_sell,Mark 22,burst,1344,1344,0.3125,-0.001488095238095238
aggr_sell,Mark 22,non_burst,86,86,-0.5,-0.4069767441860465
