{
  "pooled_n": 29940,
  "P_tight": 0.25738142952571813,
  "mean_fwd_u_tight": 0.32351414482221647,
  "mean_fwd_u_loose": -0.12103085364756679,
  "diff_tight_minus_loose": 0.44454499846978324
}