{
  "phase1_style_burst_mean_u20": 0.34516129032258064,
  "phase1_style_non_mean_u20": 0.09535367545076283,
  "tight_subsample_mean_u20": 0.371177015755329,
  "tight_and_burst_mean_u20": 0.33801295896328293
}