sample_stride,mean_iv_loo_rmse
200,0.7912847489650255
500,0.9873217163120996
1000,1.0611649165956314
