day_idx,T_years,TTE_days,n_iv_residual_insample,iv_insample_rmse,n_iv_residual_loo,iv_loo_rmse,spread_mean,spread_median,corr_dS_dIV_atm
0,0.02190280629705681,8,188,2.142300184437728e-17,188,1.3716484716160082,4.857142857142857,2.0,0.11023581695384436
1,0.019164955509924708,7,191,8.033291868297061e-18,191,0.7528390131676669,5.257731958762887,2.0,0.25177764343770376
2,0.01642710472279261,6,186,2.442165053873401e-17,186,0.8374776641526237,5.1,2.0,0.37610409678009743
