{
  "method": "prices_round_3_day_0..2: pivot mid/spread; tight = (s_5200<=2 and s_5300<=2); |du| = abs diff extract mid",
  "by_day": [
    {
      "csv_day": 0,
      "n_rows_aligned": 10000,
      "n_tight": 1020,
      "p_tight": 0.102,
      "mean_abs_u_step_all": 0.8477847784778478,
      "mean_abs_u_step_tight": 0.8637254901960785,
      "mean_abs_u_step_nottight": 0.8459739391914467,
      "mean_s5200": 2.926,
      "mean_s5300": 2.1606,
      "corr_s5200_s5300": 0.2188467572460737,
      "corr_s5200_m_ext": 0.3713397281108734
    },
    {
      "csv_day": 1,
      "n_rows_aligned": 10000,
      "n_tight": 1381,
      "p_tight": 0.1381,
      "mean_abs_u_step_all": 0.8612361236123612,
      "mean_abs_u_step_tight": 0.8779869659666908,
      "mean_abs_u_step_nottight": 0.8585518681828731,
      "mean_s5200": 2.8779,
      "mean_s5300": 2.1088,
      "corr_s5200_s5300": 0.23541333197197103,
      "corr_s5200_m_ext": 0.3881600550607635
    },
    {
      "csv_day": 2,
      "n_rows_aligned": 10000,
      "n_tight": 1727,
      "p_tight": 0.1727,
      "mean_abs_u_step_all": 0.8640864086408641,
      "mean_abs_u_step_tight": 0.8537927041111755,
      "mean_abs_u_step_nottight": 0.8662354932301741,
      "mean_s5200": 2.8605,
      "mean_s5300": 2.051,
      "corr_s5200_s5300": 0.26555551935696986,
      "corr_s5200_m_ext": 0.4678134040335108
    }
  ]
}
