slice,n_tight,mean_tight,n_loose,mean_loose,welch_t,welch_p
Mark49_passive_seller_EXTRACT_aggr_buy_fwd20,15,1.1666666666666667,89,1.9438202247191012,-0.8133819739633675,0.42523200696308766
