day,mean,p50,p90
1,0.13952040938710328,0.1075,0.2902500000000009
2,0.17286195899233955,0.1025,0.3925
3,0.4515361534181854,0.4525,0.7575
