slice,n_tight,mean_tight,n_loose,mean_loose,welch_t,welch_p
M14_buy_M38_sell_VEV4000_aggr_sell_fwd20_all_days,55,1.1,177,-0.576271186440678,2.6782886180322087,0.00859052635474371
day_1,12,1.2083333333333333,79,-0.056962025316455694,1.063637670644161,0.3033457841530114
day_2,9,0.5555555555555556,55,-1.3818181818181818,1.3126317345041276,0.21302081309201393
day_3,34,1.2058823529411764,43,-0.5,1.7658203988620993,0.08156405904498841
