slice,n_tight,mean_tight,n_loose,mean_loose,welch_t,welch_p
Mark67_aggr_buy_EXTRACT_fwd20,27,2.0555555555555554,137,1.7664233576642336,0.33908551361140027,0.736495874448522
Mark01_to_Mark22_VEV5300_fwd20,132,-0.12121212121212122,0,,,
EXTRACT_burst_fwd20,27,-0.7777777777777778,55,2.172727272727273,-3.5160331536149583,0.0008066327233135063
Mark55_aggr_buy_EXTRACT_fwd20,162,0.24074074074074073,436,0.4713302752293578,-0.6382903060249172,0.5237647036914198
Mark49_passive_seller_EXTRACT_aggr_buy_fwd20,15,1.1666666666666667,89,1.9438202247191012,-0.8133819739633675,0.42523200696308766
