day,P_tight,n_rows_valid_fwd,mean_fwd_tight,mean_fwd_loose,welch_t,welch_p,corr_s5200_s5300,corr_s5200_s_ext,corr_s5300_s_ext,corr_s5200_m_ext,corr_s5300_m_ext
1,0.13837675350701403,9980,0.5992034757422158,-0.048319572043260844,5.324774200000131,1.1325992390512087e-07,0.23554876095090876,0.02250483444323423,0.0060261722591970455,0.3881528430604708,0.32425072915844616
2,0.17304609218436873,9980,0.46409959467284306,-0.018114624984853993,4.238249348907661,2.3364087202802188e-05,0.26498871679113534,-0.0034976777252665537,-0.013769724410224147,0.46578571053002166,0.40694226580332143
3,0.46072144288577155,9980,0.1879077859939104,-0.3950204384986994,6.781484217589801,1.2578558881780901e-11,0.1841126412863622,0.0048227702554734025,0.01802853907917324,0.42512255286967515,0.3514453091587099
