slice,n_tight,mean_tight,n_loose,mean_loose,welch_t,welch_p
Mark67_aggr_buy_EXTRACT_fwd20,27,2.0555555555555554,137,1.7664233576642336,0.33908551361140027,0.736495874448522
Mark01_to_Mark22_VEV5300_fwd20,132,-0.12121212121212122,0,,,
EXTRACT_burst_fwd20,27,-0.7777777777777778,55,2.172727272727273,-3.5160331536149583,0.0008066327233135063
