slice,day,n_tight,mean_fwd20_tight,n_loose,mean_fwd20_loose
Mark55,1,25,0.88,161,0.5186335403726708
Mark55,2,44,0.14772727272727273,174,0.39080459770114945
Mark55,3,93,0.11290322580645161,101,0.5346534653465347
Mark49_passive_seller,1,2,-5.0,32,2.234375
Mark49_passive_seller,2,4,1.25,32,1.71875
Mark49_passive_seller,3,9,2.5,25,1.86
