day,tert,n,mean_fwd20,median_fwd20
1,low_roll,62,0.22580645161290322,0.0
1,mid_roll,62,0.6935483870967742,0.5
1,high_roll,62,0.782258064516129,1.0
2,low_roll,73,0.1643835616438356,0.5
2,mid_roll,72,0.5416666666666666,0.25
2,high_roll,73,0.3219178082191781,0.0
3,low_roll,65,-0.5,0.0
3,mid_roll,64,0.4765625,0.0
3,high_roll,65,1.023076923076923,1.5
