day,n_tight,mean_fwd20_when_tight,n_loose,mean_fwd20_when_loose
1,5,1.2,53,2.1132075471698113
2,7,2.142857142857143,54,1.3611111111111112
3,15,2.3,30,1.8833333333333333
