day,gate,n,mean_fwd20,median_fwd20
1,tight,14,2.3214285714285716,3.0
1,loose,83,1.1506024096385543,1.0
2,tight,20,0.45,0.5
2,loose,98,0.4336734693877551,0.25
3,tight,52,-0.0673076923076923,-0.25
3,loose,64,0.2265625,0.5
