K,n_tight,mean_tight,n_loose,mean_loose,welch_t,welch_p
5,162,-0.009259259259259259,436,0.2763761467889908,-1.4734985548914044,0.14165125768071557
20,162,0.24074074074074073,436,0.4713302752293578,-0.6382903060249172,0.5237647036914198
100,162,1.876543209876543,436,0.01834862385321101,2.2705517080676714,0.023865144322219374
