day,gate,n,mean_fwd20,median_fwd20
0,loose_all_days,177,-0.576271186440678,-1.0
0,tight_all_days,55,1.1,1.0
1,loose,79,-0.056962025316455694,0.0
1,tight,12,1.2083333333333333,1.5
2,loose,55,-1.3818181818181818,-2.0
2,tight,9,0.5555555555555556,-1.0
3,loose,43,-0.5,-0.5
3,tight,34,1.2058823529411764,1.25
