{
  "by_session_quartile": {
    "Q1": {
      "n": 7503,
      "abs_dev_p50": 1.9376069407271643,
      "abs_dev_p90": 3.503445791366903,
      "vega_p50": 278.0731457937575
    },
    "Q2": {
      "n": 7500,
      "abs_dev_p50": 2.0682223766687002,
      "abs_dev_p90": 3.2225547290820034,
      "vega_p50": 272.1106159316689
    },
    "Q3": {
      "n": 7500,
      "abs_dev_p50": 1.984300546927102,
      "abs_dev_p90": 3.183398352999075,
      "vega_p50": 270.59196212421637
    },
    "Q4": {
      "n": 7497,
      "abs_dev_p50": 2.3405689191063175,
      "abs_dev_p90": 4.013734508892504,
      "vega_p50": 263.8993265883805
    }
  },
  "corr_q_abs_dev": 0.15281990110881966,
  "corr_q_vega": -0.3290169388472015
}