{
  "1": {
    "burst_n": 98,
    "burst_mean": -0.1326530612244898,
    "ctrl_n": 70,
    "ctrl_mean": -0.4642857142857143
  },
  "2": {
    "burst_n": 95,
    "burst_mean": 0.3263157894736842,
    "ctrl_n": 62,
    "ctrl_mean": 0.43548387096774194
  },
  "3": {
    "burst_n": 125,
    "burst_mean": 0.616,
    "ctrl_n": 68,
    "ctrl_mean": -0.7132352941176471
  }
}