{
  "min_counts": {
    "tight": 10,
    "loose": 25
  },
  "cells": {
    "day1_hour0": {
      "mean_tight": 0.16,
      "mean_loose": 0.35368421052631577,
      "n_tight": 25,
      "n_loose": 475,
      "t_stat": -0.20894103744013284,
      "p_value": 0.836064661800803
    },
    "day1_hour1": {
      "mean_tight": -1.5853658536585367,
      "mean_loose": -1.5958605664488017,
      "n_tight": 41,
      "n_loose": 459,
      "t_stat": 0.019610820627754724,
      "p_value": 0.984426006879932
    },
    "day1_hour2": {
      "mean_tight": 1.490566037735849,
      "mean_loose": 1.487695749440716,
      "n_tight": 53,
      "n_loose": 447,
      "t_stat": 0.004918092715580914,
      "p_value": 0.9960897631158265
    },
    "day1_hour3": {
      "mean_tight": 0.46153846153846156,
      "mean_loose": 0.07709251101321586,
      "n_tight": 26,
      "n_loose": 454,
      "t_stat": 0.4735139812479496,
      "p_value": 0.639484265297726
    },
    "day1_hour4": {
      "mean_tight": 3.7241379310344827,
      "mean_loose": 0.5485175202156334,
      "n_tight": 29,
      "n_loose": 371,
      "t_stat": 2.7626331268978332,
      "p_value": 0.009691779963914429
    },
    "day1_hour5": {
      "mean_tight": -0.1935483870967742,
      "mean_loose": -1.2520325203252032,
      "n_tight": 31,
      "n_loose": 369,
      "t_stat": 1.934464988056329,
      "p_value": 0.06038354514979365
    },
    "day1_hour6": {
      "mean_tight": -0.5869565217391305,
      "mean_loose": -0.480225988700565,
      "n_tight": 46,
      "n_loose": 354,
      "t_stat": -0.2333878770109039,
      "p_value": 0.816197289949465
    },
    "day1_hour7": {
      "mean_tight": -0.11666666666666667,
      "mean_loose": -2.2838235294117646,
      "n_tight": 60,
      "n_loose": 340,
      "t_stat": 4.339868864670628,
      "p_value": 3.8338167993175073e-05
    },
    "day1_hour8": {
      "mean_tight": 0.4634146341463415,
      "mean_loose": -0.1761006289308176,
      "n_tight": 82,
      "n_loose": 318,
      "t_stat": 1.1003430535304506,
      "p_value": 0.2732968492742906
    },
    "day1_hour9": {
      "mean_tight": 0.8357142857142857,
      "mean_loose": 0.546969696969697,
      "n_tight": 70,
      "n_loose": 330,
      "t_stat": 0.5251047984567591,
      "p_value": 0.6006978901575207
    },
    "day1_hour10": {
      "mean_tight": 0.8879310344827587,
      "mean_loose": 0.9956140350877193,
      "n_tight": 58,
      "n_loose": 342,
      "t_stat": -0.14933495871362867,
      "p_value": 0.8816983900841812
    },
    "day1_hour11": {
      "mean_tight": 0.660377358490566,
      "mean_loose": 0.12680115273775217,
      "n_tight": 53,
      "n_loose": 347,
      "t_stat": 0.9827859987531826,
      "p_value": 0.32907965643702747
    },
    "day1_hour12": {
      "mean_tight": -0.5089285714285714,
      "mean_loose": 0.18895348837209303,
      "n_tight": 56,
      "n_loose": 344,
      "t_stat": -1.4607962653553128,
      "p_value": 0.14844091588730568
    },
    "day1_hour13": {
      "mean_tight": 2.0588235294117645,
      "mean_loose": -0.16189111747851004,
      "n_tight": 51,
      "n_loose": 349,
      "t_stat": 3.5870824206780494,
      "p_value": 0.0006187570477394527
    },
    "day1_hour14": {
      "mean_tight": -2.2872340425531914,
      "mean_loose": -1.321529745042493,
      "n_tight": 47,
      "n_loose": 353,
      "t_stat": -1.4205290871761533,
      "p_value": 0.16105725749938607
    },
    "day1_hour15": {
      "mean_tight": -1.3263157894736841,
      "mean_loose": -1.0721311475409836,
      "n_tight": 95,
      "n_loose": 305,
      "t_stat": -0.6058426312293126,
      "p_value": 0.5453806018871022
    },
    "day1_hour16": {
      "mean_tight": -1.1623376623376624,
      "mean_loose": -0.9179566563467493,
      "n_tight": 77,
      "n_loose": 323,
      "t_stat": -0.4736740069735281,
      "p_value": 0.6366678684935806
    },
    "day1_hour17": {
      "mean_tight": 1.0707070707070707,
      "mean_loose": 0.26744186046511625,
      "n_tight": 99,
      "n_loose": 301,
      "t_stat": 2.223309704478552,
      "p_value": 0.02753070718167323
    },
    "day1_hour18": {
      "mean_tight": 1.2105263157894737,
      "mean_loose": 0.017482517482517484,
      "n_tight": 114,
      "n_loose": 286,
      "t_stat": 2.5173779033361035,
      "p_value": 0.01259089212806122
    },
    "day1_hour19": {
      "mean_tight": 1.096774193548387,
      "mean_loose": 1.0342019543973942,
      "n_tight": 93,
      "n_loose": 307,
      "t_stat": 0.1576580070482446,
      "p_value": 0.8749299797294829
    },
    "day1_hour20": {
      "mean_tight": 3.6384615384615384,
      "mean_loose": 1.9656716417910447,
      "n_tight": 65,
      "n_loose": 335,
      "t_stat": 4.022660127068198,
      "p_value": 0.00010596401773516328
    },
    "day1_hour21": {
      "mean_tight": 1.0303030303030303,
      "mean_loose": -1.0313351498637602,
      "n_tight": 33,
      "n_loose": 367,
      "t_stat": 2.3140628330423905,
      "p_value": 0.02638381388446583
    },
    "day1_hour22": {
      "mean_tight": 2.772727272727273,
      "mean_loose": 0.3536231884057971,
      "n_tight": 55,
      "n_loose": 345,
      "t_stat": 3.459321975021905,
      "p_value": 0.0008745002131950136
    },
    "day1_hour23": {
      "mean_tight": 1.0909090909090908,
      "mean_loose": 1.1150793650793651,
      "n_tight": 22,
      "n_loose": 378,
      "t_stat": -0.02620987553102966,
      "p_value": 0.979314733666237
    },
    "day2_hour0": {
      "mean_tight": -0.5126582278481012,
      "mean_loose": -0.7529691211401425,
      "n_tight": 79,
      "n_loose": 421,
      "t_stat": 0.4517807563118622,
      "p_value": 0.6522915108004339
    },
    "day2_hour1": {
      "mean_tight": -1.6842105263157894,
      "mean_loose": 1.0246913580246915,
      "n_tight": 95,
      "n_loose": 405,
      "t_stat": -5.875346683240242,
      "p_value": 2.6238347601821837e-08
    },
    "day2_hour2": {
      "mean_tight": -1.0172413793103448,
      "mean_loose": 0.23046875,
      "n_tight": 116,
      "n_loose": 384,
      "t_stat": -3.312778525661107,
      "p_value": 0.0010769601421229704
    },
    "day2_hour3": {
      "mean_tight": 1.6886792452830188,
      "mean_loose": -0.03208556149732621,
      "n_tight": 106,
      "n_loose": 374,
      "t_stat": 3.0020096259672475,
      "p_value": 0.003086747545570687
    },
    "day2_hour4": {
      "mean_tight": 1.7555555555555555,
      "mean_loose": 1.0096774193548388,
      "n_tight": 90,
      "n_loose": 310,
      "t_stat": 1.7881510355161416,
      "p_value": 0.07595815241680078
    },
    "day2_hour5": {
      "mean_tight": -0.04054054054054054,
      "mean_loose": -1.2423312883435582,
      "n_tight": 74,
      "n_loose": 326,
      "t_stat": 2.120106733091823,
      "p_value": 0.03648733844063633
    },
    "day2_hour6": {
      "mean_tight": 0.875,
      "mean_loose": 0.4791666666666667,
      "n_tight": 88,
      "n_loose": 312,
      "t_stat": 0.9215833396474966,
      "p_value": 0.358319617611856
    },
    "day2_hour7": {
      "mean_tight": 0.8414634146341463,
      "mean_loose": 1.0770440251572326,
      "n_tight": 82,
      "n_loose": 318,
      "t_stat": -0.44283135226516973,
      "p_value": 0.658663399649649
    },
    "day2_hour8": {
      "mean_tight": -0.6953125,
      "mean_loose": -0.6071428571428571,
      "n_tight": 64,
      "n_loose": 336,
      "t_stat": -0.15696989818648943,
      "p_value": 0.8756297143512679
    },
    "day2_hour9": {
      "mean_tight": 0.3051948051948052,
      "mean_loose": -0.5325077399380805,
      "n_tight": 77,
      "n_loose": 323,
      "t_stat": 1.3299030584005176,
      "p_value": 0.18651227793642752
    },
    "day2_hour10": {
      "mean_tight": -1.0069444444444444,
      "mean_loose": -0.864329268292683,
      "n_tight": 72,
      "n_loose": 328,
      "t_stat": -0.33167790739607456,
      "p_value": 0.7407514640741214
    },
    "day2_hour11": {
      "mean_tight": 4.601351351351352,
      "mean_loose": 1.1319018404907975,