{
  "n": 395,
  "mean": -0.0810126582278481,
  "median": 0.0,
  "frac_pos": 0.37721518987341773,
  "t_approx": -0.7536253133150392,
  "label": "VEV_5300 Mark01->Mark22 all aggressor contexts fwd mid delta"
}