{
  "method": "hour=(timestamp//10000)%24; tight=(s5200<=2)&(s5300<=2); fwd20 on m_ext",
  "by_hour_welch_tight_vs_loose": {
    "0": {
      "mean_tight": -0.41198501872659177,
      "mean_loose": -0.39010543390105434,
      "n_tight": 267,
      "n_loose": 1233,
      "t_stat": -0.07637240168070601,
      "p_value": 0.9391596091993714
    },
    "1": {
      "mean_tight": -1.9970238095238095,
      "mean_loose": -1.0674398625429553,
      "n_tight": 336,
      "n_loose": 1164,
      "t_stat": -4.008130626727838,
      "p_value": 6.798767618108284e-05
    },
    "2": {
      "mean_tight": -0.18395061728395062,
      "mean_loose": 0.38310502283105025,
      "n_tight": 405,
      "n_loose": 1095,
      "t_stat": -2.3497803202500003,
      "p_value": 0.019026657968775316
    },
    "3": {
      "mean_tight": 0.6528925619834711,
      "mean_loose": -0.22609099350046424,
      "n_tight": 363,
      "n_loose": 1077,
      "t_stat": 3.2171993235019154,
      "p_value": 0.0013557029950596266
    },
    "4": {
      "mean_tight": 0.3323615160349854,
      "mean_loose": 0.5355892648774796,
      "n_tight": 343,
      "n_loose": 857,
      "t_stat": -0.7634766200026047,
      "p_value": 0.4454820722763278
    },
    "5": {
      "mean_tight": 0.12312312312312312,
      "mean_loose": -1.060553633217993,
      "n_tight": 333,
      "n_loose": 867,
      "t_stat": 4.7183270049473744,
      "p_value": 2.9662052284048157e-06
    },
    "6": {
      "mean_tight": 1.1005747126436782,
      "mean_loose": 0.3045774647887324,
      "n_tight": 348,
      "n_loose": 852,
      "t_stat": 3.326240097189932,
      "p_value": 0.0009305580479477478
    },
    "7": {
      "mean_tight": 0.17307692307692307,
      "mean_loose": -0.49361948955916474,
      "n_tight": 338,
      "n_loose": 862,
      "t_stat": 2.692242639633492,
      "p_value": 0.007264098507160572
    },
    "8": {
      "mean_tight": 1.5161812297734627,
      "mean_loose": -0.11560044893378227,
      "n_tight": 309,
      "n_loose": 891,
      "t_stat": 5.55592716973792,
      "p_value": 4.3436060102812454e-08
    },
    "9": {
      "mean_tight": -0.048589341692789965,
      "mean_loose": -0.20771850170261066,
      "n_tight": 319,
      "n_loose": 881,
      "t_stat": 0.5627476208695019,
      "p_value": 0.5738349256198748
    },
    "10": {
      "mean_tight": -0.8960244648318043,
      "mean_loose": -0.20847651775486828,
      "n_tight": 327,
      "n_loose": 873,
      "t_stat": -2.4422475432450748,
      "p_value": 0.014893347156131664
    },
    "11": {
      "mean_tight": 1.0100864553314122,
      "mean_loose": 0.16647127784290738,
      "n_tight": 347,
      "n_loose": 853,
      "t_stat": 2.873468889151853,
      "p_value": 0.004202896508451273
    },
    "12": {
      "mean_tight": 0.7857142857142857,
      "mean_loose": 0.025056947608200455,
      "n_tight": 322,
      "n_loose": 878,
      "t_stat": 3.114103063803938,
      "p_value": 0.0019436087774886855
    },
    "13": {
      "mean_tight": 0.34415584415584416,
      "mean_loose": -0.47197309417040356,
      "n_tight": 308,
      "n_loose": 892,
      "t_stat": 2.460513604456088,
      "p_value": 0.014241220300424195
    },
    "14": {
      "mean_tight": 0.8493788819875776,
      "mean_loose": -0.44931662870159456,
      "n_tight": 322,
      "n_loose": 878,
      "t_stat": 4.160348317799772,
      "p_value": 3.718616995484922e-05
    },
    "15": {
      "mean_tight": -0.4396067415730337,
      "mean_loose": -0.5385071090047393,
      "n_tight": 356,
      "n_loose": 844,
      "t_stat": 0.4106179365879158,
      "p_value": 0.6814845535063098
    },
    "16": {
      "mean_tight": 0.5058139534883721,
      "mean_loose": -0.09228971962616822,
      "n_tight": 344,
      "n_loose": 856,
      "t_stat": 2.06776127745363,
      "p_value": 0.03907164608482052
    },
    "17": {
      "mean_tight": 1.2127659574468086,
      "mean_loose": 0.9075774971297359,
      "n_tight": 329,
      "n_loose": 871,
      "t_stat": 1.2654546576505374,
      "p_value": 0.2061540579427459
    },
    "18": {
      "mean_tight": 0.0440251572327044,
      "mean_loose": -0.41836734693877553,
      "n_tight": 318,
      "n_loose": 882,
      "t_stat": 1.7232942964850952,
      "p_value": 0.08541383193025863
    },
    "19": {
      "mean_tight": 0.8676470588235294,
      "mean_loose": 0.7348993288590604,
      "n_tight": 306,
      "n_loose": 894,
      "t_stat": 0.5734407777719147,
      "p_value": 0.5665900740315156
    },
    "20": {
      "mean_tight": 0.5802238805970149,
      "mean_loose": 0.4790772532188841,
      "n_tight": 268,
      "n_loose": 932,
      "t_stat": 0.33835988770687625,
      "p_value": 0.7352691316910596
    },
    "21": {
      "mean_tight": 0.32765151515151514,
      "mean_loose": -1.0833333333333333,
      "n_tight": 264,
      "n_loose": 936,
      "t_stat": 5.750456850857432,
      "p_value": 1.5884228637218616e-08
    },
    "22": {
      "mean_tight": 1.5449826989619377,
      "mean_loose": 0.6695938529088913,
      "n_tight": 289,
      "n_loose": 911,
      "t_stat": 3.0111949757688405,
      "p_value": 0.00272373087288008
    },
    "23": {
      "mean_tight": -0.05102040816326531,
      "mean_loose": 0.015706806282722512,
      "n_tight": 245,
      "n_loose": 955,
      "t_stat": -0.21546137879992988,
      "p_value": 0.8295258242265953
    }
  },
  "hours_with_both_ns_ge_30": [
    "0",
    "1",
    "2",
    "3",
    "4",
    "5",
    "6",
    "7",
    "8",
    "9",
    "10",
    "11",
    "12",
    "13",
    "14",
    "15",
    "16",
    "17",
    "18",
    "19",
    "20",
    "21",
    "22",
    "23"
  ]
}