{
  "method": "corr( d_ext[t], d_vev[t-k] ); d = diff along time within day",
  "lags": [
    0,
    1,
    2,
    3,
    5,
    10,
    20
  ],
  "per_day": {
    "1": {
      "0": {
        "corr_d_ext_d5200": 0.7115237775470143,
        "corr_d_ext_d5300": 0.6173352247495314
      },
      "1": {
        "corr_d_ext_d5200": -0.014071756093538222,
        "corr_d_ext_d5300": -0.0067694967836223405
      },
      "2": {
        "corr_d_ext_d5200": -0.012410902759060202,
        "corr_d_ext_d5300": -0.015882602225365545
      },
      "3": {
        "corr_d_ext_d5200": 0.004795571640036801,
        "corr_d_ext_d5300": 0.013092540039844568
      },
      "5": {
        "corr_d_ext_d5200": -0.009182239570549072,
        "corr_d_ext_d5300": -0.004957009049073406
      },
      "10": {
        "corr_d_ext_d5200": 0.0017266535544395558,
        "corr_d_ext_d5300": -1.8035805087459108e-06
      },
      "20": {
        "corr_d_ext_d5200": 0.005220741099607785,
        "corr_d_ext_d5300": -0.004919393249843406
      }
    },
    "2": {
      "0": {
        "corr_d_ext_d5200": 0.7309421620772029,
        "corr_d_ext_d5300": 0.622460981889446
      },
      "1": {
        "corr_d_ext_d5200": 0.0008136053101228656,
        "corr_d_ext_d5300": 0.0051847733415558445
      },
      "2": {
        "corr_d_ext_d5200": -0.004388382763598431,
        "corr_d_ext_d5300": -0.012049737852241723
      },
      "3": {
        "corr_d_ext_d5200": 0.004881016145965829,
        "corr_d_ext_d5300": 0.006987735704737033
      },
      "5": {
        "corr_d_ext_d5200": 0.0012551442214578676,
        "corr_d_ext_d5300": -0.01214345687463403
      },
      "10": {
        "corr_d_ext_d5200": -0.00035349573027981096,
        "corr_d_ext_d5300": 0.0022413640419259528
      },
      "20": {
        "corr_d_ext_d5200": -0.026886301657077775,
        "corr_d_ext_d5300": -0.01907367865899743
      }
    },
    "3": {
      "0": {
        "corr_d_ext_d5200": 0.7510116877511318,
        "corr_d_ext_d5300": 0.624577073202191
      },
      "1": {
        "corr_d_ext_d5200": -0.009327324190535469,
        "corr_d_ext_d5300": -0.009744128319707848
      },
      "2": {
        "corr_d_ext_d5200": -0.036108544412204686,
        "corr_d_ext_d5300": -0.022175332148187604
      },
      "3": {
        "corr_d_ext_d5200": 0.012326570131973903,
        "corr_d_ext_d5300": 0.003040796236823032
      },
      "5": {
        "corr_d_ext_d5200": -0.011305558553628038,
        "corr_d_ext_d5300": -0.012624405118180963
      },
      "10": {
        "corr_d_ext_d5200": -0.0003106474209615595,
        "corr_d_ext_d5300": 0.01350871384538932
      },
      "20": {
        "corr_d_ext_d5200": 0.002240004389991305,
        "corr_d_ext_d5300": 0.001881174774326875
      }
    }
  }
}