{
  "loo_welch_exclude_day": {
    "1": {
      "mean_a": 0.2633201581027668,
      "mean_b": -0.16688668866886688,
      "n_a": 6325,
      "n_b": 13635,
      "t_stat": 6.66440465464753,
      "p_value": 2.770369946960365e-11
    },
    "2": {
      "mean_a": 0.28290684060879745,
      "mean_b": -0.1817824189972105,
      "n_a": 5979,
      "n_b": 13981,
      "t_stat": 7.101282996736008,
      "p_value": 1.3085660132956689e-12
    },
    "3": {
      "mean_a": 0.5241312741312741,
      "mean_b": -0.033527177783052454,
      "n_a": 3108,
      "n_b": 16852,
      "t_stat": 6.711270640913324,
      "p_value": 2.1802113336594012e-11
    }
  },
  "per_day_only": {
    "1": {
      "mean_a": 0.5992034757422158,
      "mean_b": -0.048319572043260844,
      "n_a": 1381,
      "n_b": 8599,
      "t_stat": 5.324774200000131,
      "p_value": 1.1325992390512087e-07
    },
    "2": {
      "mean_a": 0.46409959467284306,
      "mean_b": -0.018114624984853993,
      "n_a": 1727,
      "n_b": 8253,
      "t_stat": 4.238249348907661,
      "p_value": 2.3364087202802188e-05
    },
    "3": {
      "mean_a": 0.1879077859939104,
      "mean_b": -0.3950204384986994,
      "n_a": 4598,
      "n_b": 5382,
      "t_stat": 6.781484217589801,
      "p_value": 1.2578558881780901e-11
    }
  },
  "sign_stability": {
    "all_three_days_tight_mean_gt_loose": true,
    "all_three_loo_t_stat_positive": true
  }
}