{
  "filter": "buyer Mark 01, seller Mark 22, symbol VEV_*",
  "n_prints_used": 1339,
  "pooled_by_tight_and_K": {
    "tight_0_K5": {
      "n": 3,
      "mean": -0.5,
      "std": 0.0
    },
    "tight_0_K20": {
      "n": 3,
      "mean": 2.0,
      "std": 0.0
    },
    "tight_0_K100": {
      "n": 3,
      "mean": 4.0,
      "std": 0.0
    },
    "tight_1_K5": {
      "n": 1336,
      "mean": 0.008607784431137725,
      "std": 2.059535420955796
    },
    "tight_1_K20": {
      "n": 1336,
      "mean": 0.29528443113772457,
      "std": 4.596795846442366
    },
    "tight_1_K100": {
      "n": 1324,
      "mean": 0.3387462235649547,
      "std": 9.266150425216752
    }
  },
  "by_vev_symbol_top_cells": {
    "VEV_5200": {
      "tight_1_K5": {
        "n": 11,
        "mean": 0.045454545454545456,
        "std": 2.126670466416288
      },
      "tight_1_K20": {
        "n": 11,
        "mean": 1.8636363636363635,
        "std": 5.473074588797914
      },
      "tight_1_K100": {
        "n": 11,
        "mean": 4.5,
        "std": 9.578622030334008
      }
    },
    "VEV_5300": {
      "tight_1_K5": {
        "n": 132,
        "mean": -0.07575757575757576,
        "std": 2.0781348512225652
      },
      "tight_1_K20": {
        "n": 132,
        "mean": 0.041666666666666664,
        "std": 4.762304940473256
      },
      "tight_1_K100": {
        "n": 131,
        "mean": 0.648854961832061,
        "std": 8.85800260878623
      }
    },
    "VEV_5400": {
      "tight_1_K5": {
        "n": 263,
        "mean": 0.015209125475285171,
        "std": 2.063809531992691
      },
      "tight_1_K20": {
        "n": 263,
        "mean": 0.38593155893536124,
        "std": 4.591552959016221
      },
      "tight_1_K100": {
        "n": 260,
        "mean": 0.5384615384615384,
        "std": 9.17233447011826
      }
    },
    "VEV_5500": {
      "tight_1_K5": {
        "n": 298,
        "mean": 0.02348993288590604,
        "std": 2.0423426590401887
      },
      "tight_1_K20": {
        "n": 298,
        "mean": 0.31208053691275167,
        "std": 4.5648992045499455
      },
      "tight_1_K100": {
        "n": 296,
        "mean": 0.2972972972972973,
        "std": 9.44302053044646
      }
    },
    "VEV_6000": {
      "tight_1_K5": {
        "n": 316,
        "mean": 0.015822784810126583,
        "std": 2.0686019249847547
      },
      "tight_1_K20": {
        "n": 316,
        "mean": 0.27531645569620256,
        "std": 4.575312451245488
      },
      "tight_1_K100": {
        "n": 313,
        "mean": 0.13738019169329074,
        "std": 9.314844207059283
      }
    },
    "VEV_6500": {
      "tight_1_K5": {
        "n": 316,
        "mean": 0.015822784810126583,
        "std": 2.0686019249847547
      },
      "tight_1_K20": {
        "n": 316,
        "mean": 0.27531645569620256,
        "std": 4.575312451245488
      },
      "tight_1_K100": {
        "n": 313,
        "mean": 0.13738019169329074,
        "std": 9.314844207059283
      }
    }
  }
}