{
  "2": {
    "spread_bin": ">=6",
    "n": 14803,
    "mean_abs_mp_minus_mid": 0.8272962256328746,
    "mean_fwd10_mid": -0.20276295345538067
  },
  "1": {
    "spread_bin": "3-5",
    "n": 1360,
    "mean_abs_mp_minus_mid": 0.9835754752574296,
    "mean_fwd10_mid": -0.20808823529411766
  },
  "0": {
    "spread_bin": "<=2",
    "n": 186,
    "mean_abs_mp_minus_mid": 0.08870700129699632,
    "mean_fwd10_mid": 2.002688172043011
  }
}