{
  "tight_n": 7,
  "tight_mean": 0.7142857142857143,
  "wide_n": 310,
  "wide_mean": 0.2709677419354839
}