{
  "method": "seller_agg extract only (px<=bid); baseline = mean fwd20 per (buyer,seller,EXTRACT) if n>=5 in seller_agg cell",
  "n_baseline_cells": 5,
  "pooled_residuals": {
    "joint_tight": {
      "n": 161,
      "mean": 0.24237426488389605,
      "std": 4.366317276417939
    },
    "joint_loose": {
      "n": 449,
      "mean": -0.08690925756415882,
      "std": 4.140172388956641
    }
  },
  "per_day": {
    "1": {
      "tight": {
        "n": 26,
        "mean": 0.46481203125555604,
        "std": 3.566028347591949
      },
      "loose": {
        "n": 175,
        "mean": 0.2927968473158346,
        "std": 4.255108228841537
      }
    },
    "2": {
      "tight": {
        "n": 36,
        "mean": -0.889226306394028,
        "std": 4.575636235461932
      },
      "loose": {
        "n": 160,
        "mean": -0.21686954439723435,
        "std": 3.643837182763451
      }
    },
    "3": {
      "tight": {
        "n": 99,
        "mean": 0.5954473824631092,
        "std": 4.449191731334403
      },
      "loose": {
        "n": 114,
        "mean": -0.4873910335352708,
        "std": 4.581028667193347
      }
    }
  }
}