{
  "n_residuals": 1465,
  "mean": -4.021242951820639e-17,
  "stdev": 6.000357016476618
}