{
  "method": "buyer_agg extract only; baseline = mean fwd20 per (buyer,seller,EXTRACT) if n>=5 in cell",
  "n_baseline_cells": 7,
  "pooled_residuals": {
    "joint_tight": {
      "n": 190,
      "mean": -0.13363367055972517,
      "std": 3.903345860818004
    },
    "joint_loose": {
      "n": 578,
      "mean": 0.04392802319437318,
      "std": 4.030597972107498
    }
  },
  "per_day": {
    "1": {
      "tight": {
        "n": 31,
        "mean": 0.05269280997260249,
        "std": 4.7936943824557385
      },
      "loose": {
        "n": 217,
        "mean": 0.16992540535887796,
        "std": 4.040812123372133
      }
    },
    "2": {
      "tight": {
        "n": 51,
        "mean": -0.1738459035023944,
        "std": 3.5123639270590146
      },
      "loose": {
        "n": 229,
        "mean": -0.10397366000638202,
        "std": 3.879672777132283
      }
    },
    "3": {
      "tight": {
        "n": 108,
        "mean": -0.16812716145255877,
        "std": 3.833103693601209
      },
      "loose": {
        "n": 132,
        "mean": 0.09338297412827772,
        "std": 4.285868755279995
      }
    }
  }
}