day,adverse_tick,n,mean,std
1,False,1368,0.37646198830409355,2.488984080455387
1,True,13,0.7307692307692307,2.4716339451816802
2,False,1711,0.31122150789012276,2.6064500007598683
2,True,16,-0.59375,2.7399437342154798
3,False,4543,0.10235527184679727,2.5022625076337355
3,True,55,0.23636363636363636,2.6559760454885053
