day,n_tight_ticks,n_adverse_print_ts,n_tight_and_adverse,frac_tight_with_adverse
1,1381,114,13,0.00941346850108617
2,1727,92,16,0.009264620729588882
3,4614,110,55,0.011920242739488513
