day,n,mark01_any_side,share
1,46,32,0.6956521739130435
2,53,31,0.5849056603773585
3,111,80,0.7207207207207207
