cohort,n,n_k5,mean_k5,median_k5,n_k20,mean_k20,median_k20,n_k100,mean_k100,median_k100,day
day1_joint_tight,5,5,1.0,2.0,5,1.2,0.0,5,8.2,11.0,1
day1_not_joint_tight,53,53,2.311320754716981,2.0,53,2.1132075471698113,2.0,53,2.669811320754717,2.5,1
day1_all,58,58,2.1982758620689653,2.0,58,2.0344827586206895,2.0,58,3.146551724137931,4.0,1
day2_joint_tight,7,7,2.5714285714285716,2.5,7,2.142857142857143,2.0,7,2.7857142857142856,5.0,2
day2_not_joint_tight,54,54,1.6481481481481481,2.0,54,1.3611111111111112,1.0,53,1.320754716981132,1.5,2
day2_all,61,61,1.7540983606557377,2.0,61,1.4508196721311475,1.0,60,1.4916666666666667,2.0,2
day3_joint_tight,15,15,1.6666666666666667,1.5,15,2.3,2.0,15,-0.9666666666666667,-1.5,3
day3_not_joint_tight,30,30,2.066666666666667,2.0,30,1.8833333333333333,1.25,30,-1.1333333333333333,-1.75,3
day3_all,45,45,1.9333333333333333,2.0,45,2.022222222222222,1.5,45,-1.0777777777777777,-1.5,3
