cohort,n,n_k5,mean_k5,median_k5,n_k20,mean_k20,median_k20,n_k100,mean_k100,median_k100
joint_tight,27,27,1.7777777777777777,2.0,27,2.0555555555555554,2.0,27,1.7037037037037037,4.5
not_joint_tight,137,137,1.9963503649635037,2.0,137,1.7664233576642336,1.5,136,1.3051470588235294,1.0
all,164,164,1.9603658536585367,2.0,164,1.8140243902439024,1.5,163,1.3711656441717792,1.0
