day,corr_dspread_absdm,n
1,-0.009028990810069635,9994
2,-0.004288831687923869,9994
3,-0.0029998926950629396,9994
