day,lag_ticks,corr,n
1,0,-0.004030913531651244,9999
2,0,0.008746719673953298,9999
3,0,0.0016752219805604854,9999
1,1,-0.015607334521449119,9999
2,1,-0.0070680838358345545,9999
3,1,0.005862808464171089,9999
1,2,0.011706350543317676,9999
2,2,0.005274259267286388,9999
3,2,-0.01287243632911037,9999
1,3,-0.017783793146247683,9999
2,3,0.0020309703207487696,9999
3,3,0.00539838933120409,9999
1,5,-0.026741679996146604,9999
2,5,-0.00014840507064557928,9999
3,5,0.014211527992860684,9999
