K,n,mean,t
5,163,-0.19325153374233128,-3.1776800666829024
20,163,-0.12269938650306748,-0.9542862978215048
100,162,0.19135802469135801,0.7471081989078119
