day,corr,n
1,0.0009990057467181546,9975
2,0.011102932620223483,9975
3,0.03316887632735651,9975
