tight_gate,K,n,mean
True,5,132,-0.14772727272727273
True,20,132,-0.12121212121212122
True,100,131,0.026717557251908396
