day,cohort,n,corr_ds5200_dm,corr_ds5300_dm,corr_dse_dm
1,all,9979,0.01755360811980909,0.02341073483815203,0.17171473276162105
1,tight_only,1381,0.046668846133678665,0.029028495668479544,0.15924460672461435
1,wide_only,8598,0.010814772025125048,0.022208461185349103,0.17371076637448407
2,all,9979,0.01684643559310653,0.01508708823147403,0.13045081920677482
2,tight_only,1727,0.03526545320136217,0.013216453964144661,0.029634285020974507
2,wide_only,8252,-0.002451248149221147,0.014198357290019661,0.15024746612169151
3,all,9979,-0.0010852794011591085,0.026647819464034644,0.15460738633234627
3,tight_only,4598,0.011329430974047133,0.011978172742490845,0.1726019927354555
3,wide_only,5381,0.00572071842708467,0.040952968635832,0.13921178650355248
