day,count,mean,median
1,58,2.1982758620689653,2.0
2,61,1.7540983606557377,2.0
3,45,1.9333333333333333,2.0
