day,corr_s5200_s5300,corr_s5200_s_ext,corr_s5300_s_ext,n
1,0.23541333197197103,0.0226400286657829,0.006213809338129235,10000
2,0.26555551935696986,-0.0032321744096955683,-0.01458498266903847,10000
3,0.1839923411147627,0.004663721973669709,0.018317039574920976,10000
