K,n_tight,n_joint_off,mean_tight,mean_joint_off,welch_t,p_value
5,27,137,1.7777777777777777,1.9963503649635037,-0.4676854663972938,0.6430739882439682
