tight_gate,K,n,mean
False,5,1,0.0
False,20,1,0.0
False,100,1,0.0
True,5,298,-0.020134228187919462
True,20,298,0.025167785234899327
True,100,296,-0.02364864864864865
