K,cohort,n,mean_d_extract,mean_d_vev5200
5,burst,1470,0.0017006802721088435,-0.1595744680851064
5,control,2811,0.1401636428317325,
20,burst,1470,0.32142857142857145,0.2978723404255319
20,control,2809,0.10110359558561766,
100,burst,1458,0.5476680384087792,1.074468085106383
100,control,2791,-0.21479756359727697,
