day,count,mean,std
1,58,2.1982758620689653,1.739478786556715
2,61,1.7540983606557377,1.8157251784059363
3,45,1.9333333333333333,2.2828411325284197
