tight_gate,day,count,mean
False,1,53,2.311320754716981
False,2,54,1.6481481481481481
False,3,30,2.066666666666667
True,1,5,1.0
True,2,7,2.5714285714285716
True,3,15,1.6666666666666667
