day,window_ticks,corr_roll_tight_share_fwd20,n
1,20,0.12448335286139739,9980
1,50,0.13981412058645598,9980
1,100,0.13078185966093872,9980
2,20,0.07517296363853487,9980
2,50,0.07261458792839795,9980
2,100,0.07315662177932829,9980
3,20,0.14287222015367124,9980
3,50,0.13614114779285785,9980
3,100,0.12811455020827925,9980
