burst,band,mean,count
False,burst_ring,0.0009844242212110606,114280
False,calm_core,0.0010558861276397152,171420
True,burst_ring,0.0074062877871825875,3308
True,calm_core,-0.0053405884723901655,4962
