csv_day,spread_atm,iv_atm,z_abs_ret
0,2.614,0.23980856031951517,0.7104922974093115
1,2.4932,0.24635129490339258,0.7183452043193249
2,2.3372,0.24523780042920357,0.7219681318196107
