side,gap,mean,count
buy,0,-2.3333333333333335,21
buy,1,-3.25,2
sell,0,-0.8214285714285714,14
