{
  "n_obs": 251785,
  "corr_abs_resid_abs_delta": -0.01274290674799465,
  "corr_abs_resid_vega": -0.11852970622098517,
  "corr_abs_resid_log_weight": -0.13601010114739848,
  "per_strike": {
    "VEV_4000": {
      "count": 2986,
      "mean_abs_resid": 0.014160316244696875,
      "mean_abs_delta": 0.9937780315137185,
      "mean_vega": 11.917649019410026,
      "spread": 20.099464166108508
    },
    "VEV_4500": {
      "count": 8823,
      "mean_abs_resid": 0.022324158195343554,
      "mean_abs_delta": 0.9935908971743661,
      "mean_vega": 12.403202323663852,
      "spread": 15.775133174657146
    },
    "VEV_5000": {
      "count": 29976,
      "mean_abs_resid": 0.008144844008231558,
      "mean_abs_delta": 0.9358879832554505,
      "mean_vega": 87.65813274951962,
      "spread": 6.045369629036562
    },
    "VEV_5100": {
      "count": 30000,
      "mean_abs_resid": 0.004256825246697099,
      "mean_abs_delta": 0.8221688278212483,
      "mean_vega": 181.5444882877606,
      "spread": 4.295833333333333
    },
    "VEV_5200": {
      "count": 30000,
      "mean_abs_resid": 0.007467198785357562,
      "mean_abs_delta": 0.6233183781909227,
      "mean_vega": 264.35099983207664,
      "spread": 2.888133333333333
    },
    "VEV_5300": {
      "count": 30000,
      "mean_abs_resid": 0.008474675567196655,
      "mean_abs_delta": 0.3925712357938475,
      "mean_vega": 267.6164782882147,
      "spread": 2.1068
    },
    "VEV_5400": {
      "count": 30000,
      "mean_abs_resid": 0.01382922845051751,
      "mean_abs_delta": 0.18316172214402893,
      "mean_vega": 184.96662659856938,
      "spread": 1.3814333333333333
    },
    "VEV_5500": {
      "count": 30000,
      "mean_abs_resid": 0.006641628027836864,
      "mean_abs_delta": 0.08349153268604148,
      "mean_vega": 107.34557452426772,
      "spread": 1.1497666666666666
    },
    "VEV_6000": {
      "count": 30000,
      "mean_abs_resid": 0.011399911399432854,
      "mean_abs_delta": 0.005771021088953616,
      "mean_vega": 11.479671505965817,
      "spread": 1.0
    },
    "VEV_6500": {
      "count": 30000,
      "mean_abs_resid": 0.006012556744937661,
      "mean_abs_delta": 0.003971344779387328,
      "mean_vega": 8.227153169013473,
      "spread": 1.0
    }
  },
  "rows_by_day": {
    "day_0_rows": 83988,
    "day_1_rows": 84040,
    "day_2_rows": 83757
  }
}