{
  "method": "lag-1 autocorr of raw IV residual per strike (fit over 5100-5500, spread<=8)",
  "lag1_autocorr": {
    "VEV_5100": 0.9274225431974192,
    "VEV_5200": 0.8756499761317167,
    "VEV_5300": 0.9187321787011093,
    "VEV_5400": 0.9693179714470829,
    "VEV_5500": 0.9671802221915397
  },
  "n": {
    "VEV_5100": 30000,
    "VEV_5200": 30000,
    "VEV_5300": 30000,
    "VEV_5400": 30000,
    "VEV_5500": 30000
  }
}