{
  "method": "BS vega with IV from mid, T from round3 8,7,6d mapping",
  "subsample": "1/10 full-timestamp rows",
  "by_symbol": {
    "VEV_4000": {
      "n": 305,
      "mean_vega": 12.092494945544965
    },
    "VEV_4500": {
      "n": 900,
      "mean_vega": 12.843254204679466
    },
    "VEV_5000": {
      "n": 2996,
      "mean_vega": 90.89961634743356
    },
    "VEV_5100": {
      "n": 3000,
      "mean_vega": 188.33327318967045
    },
    "VEV_5200": {
      "n": 3000,
      "mean_vega": 274.4265898125649
    },
    "VEV_5300": {
      "n": 3000,
      "mean_vega": 277.8620709293028
    },
    "VEV_5400": {
      "n": 3000,
      "mean_vega": 191.9339440553609
    },
    "VEV_5500": {
      "n": 3000,
      "mean_vega": 111.31462515656024
    },
    "VEV_6000": {
      "n": 3000,
      "mean_vega": 11.919798571424254
    },
    "VEV_6500": {
      "n": 3000,
      "mean_vega": 8.54244970952351
    }
  },
  "rank_by_mean_vega": [
    [
      "VEV_5300",
      277.8620709293028
    ],
    [
      "VEV_5200",
      274.4265898125649
    ],
    [
      "VEV_5400",
      191.9339440553609
    ],
    [
      "VEV_5100",
      188.33327318967045
    ],
    [
      "VEV_5500",
      111.31462515656024
    ],
    [
      "VEV_5000",
      90.89961634743356
    ],
    [
      "VEV_4500",
      12.843254204679466
    ],
    [
      "VEV_4000",
      12.092494945544965
    ],
    [
      "VEV_6000",
      11.919798571424254
    ],
    [
      "VEV_6500",
      8.54244970952351
    ]
  ],
  "note": "Use vega in edge score: normalize cross-strike z by vol sensitivity, or boost strikes where vega*beta/spread is high."
}
