seller,n,mean_fwd
Mark 01,244,-0.0020491803278688526
Mark 14,1045,0.025358851674641147
Mark 49,104,1.8461538461538463
Mark 22,109,2.073394495412844
