buyer,n,mean_fwd
Mark 01,1599,0.02782989368355222
Mark 14,1124,-0.036476868327402136
