day,spr_q,n,mean
1,tight,19,2.1578947368421053
1,mid,39,1.9743589743589745
2,tight,23,1.608695652173913
2,mid,8,2.125
2,wide,30,1.15
3,tight,13,1.1153846153846154
3,mid,7,3.5714285714285716
3,wide,25,2.06
