day,corr_flow_dmid_same_bucket,n_buckets
1,-0.08673483210901901,39
2,0.20116292676380287,44
3,-0.012426242859456732,77
