{
  "tte": "d->8-d",
  "skew_iv5100_minus_iv5000": {
    "0": {
      "n": 10000,
      "p50": 0.00254,
      "p10": -0.00179,
      "p90": 0.0075,
      "mean": 0.00273
    },
    "1": {
      "n": 9999,
      "p50": -0.00332,
      "p10": -0.00818,
      "p90": 0.00291,
      "mean": -0.0029
    },
    "2": {
      "n": 9977,
      "p50": -0.00636,
      "p10": -0.01523,
      "p90": 0.0017,
      "mean": -0.00648
    }
  }
}