{
  "n": 30000,
  "corr_mis_over_spread_with_ss": -0.4341301678801106,
  "corr_mis_with_absdS": -0.00652076408111411,
  "median_ss": 10.0,
  "p75_ss": 11.0,
  "median_mis": 0.8042738018195905,
  "ss_buckets": {
    "ss<=8": {
      "n": 720,
      "median_mis": 1.7513634779465974
    },
    "8<ss<=11": {
      "n": 26297,
      "median_mis": 0.8297731896791447
    },
    "ss>11": {
      "n": 2983,
      "median_mis": 0.5672101815825954
    }
  }
}